OBJECTID,Shape_Leng,Shape_Area,TAZ_O
1,5768.92985986,1167360.38559,1
2,6573.00984143,1691798.86299,2
3,5720.59667877,1549778.85818,3
4,6361.51505816,1911833.76089,4
5,5605.57053601,1584066.92225,5
6,7148.44542112,3246131.4992,6
7,4702.87668413,1094412.1904,7
8,8918.48605527,1492725.46406,8
9,6467.6384075,1977369.23096,9
10,8307.77285527,2699005.70684,10
11,5261.44933129,1603326.90586,11
12,4399.03517769,1232900.94858,12
13,5320.54233336,1388626.15577,13
14,11098.8413254,2633963.68091,14
15,4518.83791689,689592.685107,15
16,6594.17020077,1687287.89477,16
17,9198.76294299,676532.854403,17
18,10662.1167462,1125330.50607,18
19,5894.34531664,1316151.35037,19
20,8576.53454281,2001690.69759,20
21,4025.65330704,680131.005623,21
22,9558.61414285,2974419.36059,22
23,5192.60112056,1282296.39053,23
24,6746.84585831,2389466.1009,24
25,10810.2716209,4024369.04061,25
26,7157.88039759,2410978.86196,26
27,3896.21246979,945927.031051,27
28,6618.21612494,2587669.80324,28
29,6167.13531652,2192081.23958,29
30,5675.56038552,1199475.95601,30
31,4099.65495748,1069086.02241,31
32,6115.79513683,2079673.95719,32
33,6088.08131885,1744162.58805,33
34,5803.49636232,1232739.10356,34
35,4997.32858056,1048468.81321,35
36,6070.34287121,2044608.62386,36
37,6019.55794789,2018309.16176,37
38,3883.55220793,955108.647555,38
39,5849.02283232,1550155.81106,39
40,7652.3059985,2602067.43734,40
41,4957.74823119,1271825.1438,41
42,5958.85269487,2004963.60862,42
43,3917.57985906,955194.216436,43
44,4514.58946426,812353.426804,44
45,5488.49319413,869165.226205,45
46,8455.55744201,2484074.94389,46
47,9088.57985159,2802828.36173,47
48,8026.28197294,3325573.15766,48
49,5614.0412777,1799345.48011,49
50,5453.92908588,1696572.31437,50
51,6826.3158942,2897056.12016,51
52,10434.9818435,2343666.4753,52
53,8386.01160487,2641758.11953,53
54,9229.55334823,3803394.97949,54
55,8709.97360957,2963192.1084,55
56,6633.9014536,2158967.28287,56
57,4922.79281681,1224064.59969,57
58,6247.02918317,1806503.62418,58
59,4522.85322816,1108717.56635,59
60,5650.69354053,1766953.76042,60
61,5388.08192245,1426869.96218,61
62,5888.86307899,1417531.53158,62
63,4929.22790091,1127528.86921,63
64,7076.950914,2505855.14092,64
65,6175.02235633,1310895.16732,65
66,7823.24705921,1295865.12673,66
67,8436.98305475,1998333.03455,67
68,9290.09579403,2882705.39012,68
69,7516.59895617,2221427.24633,69
70,7706.04589777,2054614.08814,70
71,5951.11903858,1187791.01277,71
72,7457.1652149,2856009.1673,72
73,7898.18858797,1551832.86375,73
74,6423.08221541,1522711.18501,74
75,7552.38953111,2791233.46001,75
76,6034.57295319,1620531.09929,76
77,6043.63820385,2001757.92374,77
78,4420.39583449,1211304.24991,78
79,6772.86333658,2557618.98792,79
80,5889.26082759,2096492.16271,80
81,5313.32598262,1408917.77802,81
82,4820.15062328,1272982.88624,82
83,4929.02966145,1409855.81558,83
84,4620.26203034,1116460.81485,84
85,3920.20784689,876052.30452,85
86,4025.58827674,1010308.06554,86
87,6300.17841048,2202009.71847,87
88,6253.16407662,1268277.3998,88
89,7510.07571137,1945057.06534,89
90,6543.53587794,1872896.26585,90
91,5239.26539002,1146905.56409,91
92,4595.92152333,928756.678897,92
93,4825.25975341,1093046.43458,93
94,7243.06472769,2650879.73606,94
95,8644.23749074,3275626.82116,95
96,5784.76950159,1786167.63095,96
97,5692.50260397,1359858.51458,97
98,10052.829891,3177960.31231,98
99,6780.059067,1287437.54582,99
100,4985.48886972,1302957.61245,100
101,5651.46081304,1953707.12636,101
102,3334.39962738,701795.293138,102
103,5021.94012017,1575647.49755,103
104,4697.66596328,1392427.45705,104
105,4288.04628363,1108946.64539,105
106,6050.68225722,1855602.99482,106
107,8501.85890767,2645289.56885,107
108,6039.73584207,1803668.18484,108
109,6481.63231763,2333333.87996,109
110,12725.7513569,3623033.24592,110
111,9094.42157805,2924998.29956,111
112,4895.30303311,753701.280407,112
113,4168.8644841,1012814.5349,113
114,3669.82752999,732123.509437,114
115,3819.69875534,812388.291672,115
116,2858.12366357,452019.251867,116
117,3267.88218637,575483.692716,117
118,3764.07534522,565347.002954,118
119,3784.46191545,817479.491444,119
120,3708.33901424,626633.157245,120
121,6865.93403048,1236983.16702,121
122,3851.00804019,776925.038279,122
123,5047.34653491,732573.119549,123
124,4723.72112498,1024473.26379,124
125,5510.02748269,757851.982603,125
126,4433.53249832,1063408.62887,126
127,7260.47667972,2105749.0684,127
128,5946.26197007,1017657.88478,128
129,3972.52582398,650760.365387,129
130,4893.29649507,1148341.89121,130
131,4546.2952582,915294.468701,131
132,4405.95629978,761670.494736,132
133,4959.19583937,1186463.84662,133
134,3125.28181074,481904.040478,134
135,3714.5103178,584264.834213,135
136,4879.52424804,1229415.62463,136
137,3965.75651942,678365.327439,137
138,3171.19886283,604323.185105,138
139,4237.35821076,1072442.68019,139
140,2926.6685767,525647.22151,140
141,2649.51070404,429058.577499,141
142,2744.88760253,466516.380897,142
143,3743.60779023,837598.829177,143
144,3569.78313978,710425.467104,144
145,6331.90493371,1494486.03317,145
146,6761.24425821,2754423.23356,146
147,4113.36812175,357969.531243,147
148,3756.34320525,816389.048272,148
149,3517.9704601,690663.652177,149
150,3362.2880388,498039.705664,150
151,4102.80300889,671672.61363,151
152,5490.07910165,1487806.12309,152
153,13482.1824285,2169579.97966,153
154,4291.27071081,901404.727791,154
155,3020.67966471,495374.932975,155
156,3417.49273116,426452.354425,156
157,3465.45577107,685763.335562,157
158,3363.44727492,702277.602419,158
159,2412.23914932,294963.272314,159
160,2379.39755465,276151.676083,160
161,3020.6296675,509108.877322,161
162,2765.44533337,489963.282092,162
163,3117.8259102,553620.403394,163
164,2431.06562231,368741.986662,164
165,2297.0831422,317532.609426,165
166,3288.33065198,650000.057998,166
167,5943.15133354,1357011.35233,167
168,2226.80876665,287790.650916,168
169,3099.6722474,578081.913877,169
170,3630.8397424,720425.785812,170
171,3540.70028281,740125.523019,171
172,3784.58517097,720707.989681,172
173,3788.32188543,873248.384074,173
174,3141.98102331,548914.634634,174
175,3662.19806358,628862.26664,175
176,4516.41427385,927265.796789,176
177,4063.54984664,957287.57034,177
178,3175.71128829,627728.457796,178
179,2707.63346487,375021.665187,179
180,2718.67965707,315339.840275,180
181,3302.35395037,638821.636999,181
182,3242.42929374,615801.066003,182
183,3627.41524828,690037.273288,183
184,4655.30132012,1049175.38855,184
185,3733.12508257,651903.906263,185
186,3769.68578732,408387.485916,186
187,3263.34728044,624638.392602,187
188,3719.0695105,831016.501661,188
189,4312.38410215,862116.97123,189
190,4851.47138988,1102187.29502,190
191,4057.90468616,606955.303599,191
192,3072.66781845,559087.450376,192
193,2779.24044341,389495.817726,193
194,2426.13019122,329410.839649,194
195,2652.24734359,229780.976469,195
196,6386.13541548,1590841.12536,196
197,4545.20606342,1138056.49202,197
198,4458.41849256,1117137.24696,198
199,3264.50405552,539859.57981,199
200,4927.40484631,880734.827737,200
201,2100.38894614,269268.816763,201
202,2523.8544025,365591.878507,202
203,2385.34751384,366146.912009,203
204,2397.72967228,318072.540111,204
205,2039.66269736,242747.31458,205
206,1966.17779715,219846.155712,206
207,2071.61825785,265089.000128,207
208,3215.42141569,170280.203425,208
209,31199.7015019,3349453.43097,209
210,3602.60605181,243467.79679,210
211,2835.11976574,465505.532391,211
212,2129.79066589,230334.504877,212
213,2261.33660412,286697.493973,213
214,2577.35003226,390485.578933,214
215,2783.70904519,460008.733409,215
216,2809.65537272,452236.362274,216
217,2427.63524659,318206.151994,217
218,2177.56454372,274938.002209,218
219,1739.13205575,187407.804836,219
220,1950.99554391,227768.225449,220
221,1651.48223984,170936.975585,221
222,1738.83607972,186827.396491,222
223,1598.51784358,150857.747453,223
224,2631.41949418,273590.83933,224
225,1355.97239852,83945.7952387,225
226,978.333934981,59470.6846011,226
227,1165.68402751,75260.6790294,227
228,1416.57331722,109819.20435,228
229,1646.90621705,137866.86774,229
230,1271.95089853,91026.4647939,230
231,1677.49127395,137278.959841,231
232,1843.28198428,187981.819253,232
233,1475.76190755,134053.056266,233
234,1673.34566461,135069.023986,234
235,1338.02929466,99092.2522784,235
236,2274.57379635,318797.307559,236
237,1879.16326865,203555.587959,237
238,1770.52570645,191871.508511,238
239,1420.52200905,94082.8308436,239
240,1610.00638278,152126.253896,240
241,2044.26779718,255104.88647,241
242,3603.5791353,787010.787213,242
243,2449.86625285,353691.880718,243
244,2327.64856547,319581.202703,244
245,2674.76778933,419803.295661,245
246,2388.25159359,328335.757134,246
247,2574.30424619,424033.678507,247
248,3424.06594553,666529.245434,248
249,2825.1369339,429269.315124,249
250,2412.64735377,263573.720728,250
251,2627.51825686,386775.194068,251
252,2740.96702741,321482.142057,252
253,40488.2433766,4656710.00924,253
254,2920.40088046,352780.111755,254
255,3602.28702261,685666.315741,255
256,4482.81912796,860438.053373,256
257,3180.27656399,455626.614457,257
258,3121.31358324,479666.979255,258
259,2654.69334751,407811.390177,259
260,2722.95855094,463645.904926,260
261,2892.5514973,403492.682919,261
262,2113.69184644,270364.37684,262
263,3365.11277976,671366.264164,263
264,2213.53075023,248829.10224,264
265,7179.77808014,1746199.36871,265
266,8823.41744454,1913757.41783,266
267,5081.57978154,1583995.67555,267
268,6504.33857056,1942308.88061,268
269,4787.23848113,1034171.7262,269
270,3956.51989431,953569.055118,270
271,4743.40321679,1204454.31375,271
272,5521.69915722,1391563.08285,272
273,5273.8165561,1322150.42094,273
274,7513.52878187,1853726.22996,274
275,6601.88920842,2172406.60116,275
276,4052.48073231,825163.522382,276
277,4477.56454517,918526.546498,277
278,3993.685527,911171.383142,278
279,3341.57779952,657773.933036,279
280,1970.93318201,176240.598789,280
281,2748.92212943,416668.449271,281
282,5951.72536551,1855089.17885,282
283,4474.98577811,1235874.94687,283
284,3393.79805988,715932.945563,284
285,4023.97771259,928981.124838,285
286,4003.84552481,948780.906528,286
287,2543.8817408,402029.225317,287
288,4675.65381737,1343611.63164,288
289,5644.81281604,911694.660734,289
290,3957.98682598,971571.429263,290
291,4118.17297658,1055914.98042,291
292,5179.8029119,1036398.21358,292
293,4594.13501348,1283238.723,293
294,4532.62043333,1086284.8406,294
295,2957.84583888,532499.862541,295
296,4859.34067537,827733.141275,296
297,4844.89472438,1226781.54522,297
298,7535.67702411,2268357.87508,298
299,6146.62359204,1971669.28179,299
300,5189.72093615,1332748.81529,300
301,5759.81031755,1522120.71647,301
302,7952.81880529,2750395.74949,302
303,8556.65071844,2667275.15568,303
304,11575.3644998,3414187.61344,304
305,8428.15177965,2728718.27366,305
306,7259.87984214,3203874.04326,306
307,7815.01855364,3090517.73991,307
308,4776.75374399,1412409.51346,308
309,4916.30943805,1454726.62027,309
310,5095.43668696,1414223.77307,310
311,2874.5097823,491094.478732,311
312,3703.77954818,736711.286124,312
313,4693.27758243,857128.21466,313
314,4818.96596191,1201066.54178,314
315,3564.5884207,665809.594853,315
316,5389.26364986,1810288.58152,316
317,2983.03331765,531369.670783,317
318,4284.59272533,1083878.80575,318
319,3922.09750891,915869.287337,319
320,3540.73444119,779850.493604,320
321,4747.99633536,1386881.99651,321
322,3818.37439449,903721.032146,322
323,5254.20238105,1031737.81081,323
324,7417.34699574,2310956.40528,324
325,6387.87683989,1850763.0096,325
326,4946.73162604,1044571.07176,326
327,6922.41095167,1856388.63089,327
328,6040.04894173,1190473.4469,328
329,6261.11301392,996417.964032,329
330,4086.71325535,902481.596573,330
331,5490.99833776,1694974.59282,331
332,3610.59034696,750545.144693,332
333,5869.10041768,1891843.09971,333
334,5929.94060986,1287036.84719,334
335,4626.79987552,1061661.87216,335
336,4710.71678594,1144448.4976,336
337,3460.91546292,677726.655427,337
338,4256.83640437,1034482.10558,338
339,3075.90386196,556904.418038,339
340,4663.7300334,1133924.05791,340
341,4480.28050336,1246205.33254,341
342,4422.84205867,1113960.82169,342
343,3439.18455248,677630.192705,343
344,9836.83306135,2445260.72922,344
345,8803.92240033,3051176.86292,345
346,6671.40474891,1984050.40319,346
347,8506.28221791,2478271.45121,347
348,7558.62871035,2278255.06159,348
349,6546.73278962,1905988.48805,349
350,4345.83703357,675849.187627,350
351,7797.29063298,2173566.54162,351
352,6289.11337239,2381110.11044,352
353,4717.85985122,1138273.97836,353
354,5704.80778896,1499845.36773,354
355,1663.03219423,172766.946889,355
356,2986.33704272,537819.68615,356
357,4501.24614666,843050.108568,357
358,4394.07708492,776730.440176,358
359,4835.95004604,744045.911117,359
360,10264.1595563,1179832.0086,360
361,5248.73184832,893597.017502,361
362,4514.78376755,1235334.05273,362
363,3686.04889982,708830.694923,363
364,4428.03788046,1131961.68979,364
365,2559.65186786,395478.442291,365
366,3692.00849279,810807.214882,366
367,3692.29452723,831753.832187,367
368,5347.99680683,859947.228445,368
369,3747.63753918,767628.383423,369
370,4123.84542683,1011030.50154,370
371,5834.00248737,1999083.35545,371
372,4726.52542004,1377427.37394,372
373,5395.98687264,1728207.47146,373
374,6314.19262005,2562312.76574,374
375,6961.62381002,2190465.01337,375
376,4318.80321648,1041702.41177,376
377,5050.05214052,1192277.90832,377
378,3636.02542991,819045.819875,378
379,3598.86137263,806343.595215,379
380,5924.0722794,1276514.12006,380
381,3241.35526711,649910.873433,381
382,4323.72014996,1098747.69663,382
383,5464.98234269,1761933.62693,383
384,6739.49617772,2669961.6287,384
385,3987.81666858,878784.211803,385
386,5456.81789947,1819058.02496,386
387,4117.05889822,924226.034159,387
388,3699.13181262,813337.841876,388
389,6038.83262248,2038088.49033,389
390,6797.54665661,2266747.66332,390
391,7424.1896097,2377089.84188,391
392,5712.13554255,1682683.39685,392
393,4917.30883614,882058.61684,393
394,6209.00835129,2307487.25091,394
395,5122.57005494,1268757.85839,395
396,8073.69782327,1840550.69787,396
397,6997.14479798,1853011.06487,397
398,6743.41501367,1656062.68235,398
399,5697.01682817,1263492.18057,399
400,5324.67695483,1501169.55931,400
401,5063.20857881,1094595.9506,401
402,7021.36894317,1642707.66363,402
403,4481.1298994,832803.369823,403
404,11956.6557613,2359305.49069,404
405,7128.08695369,1489253.37901,405
406,5765.01260403,1533938.01971,406
407,6464.87558119,1558901.02456,407
408,5633.27713067,1572405.83607,408
409,7060.44101835,2213412.72874,409
410,6645.36134195,2699553.13229,410
411,5089.06498211,1553885.25454,411
412,4673.66194452,1109074.3812,412
413,3820.73853329,857901.538806,413
414,6004.24859365,1497262.86857,414
415,4611.8424465,776607.919622,415
416,5481.93805378,1740489.71983,416
417,3765.50574806,876476.801543,417
418,5422.17363052,1568438.62321,418
419,6269.15622425,2254490.51551,419
420,4912.23566775,1280010.40788,420
421,4391.6196724,1077138.55983,421
422,4704.75360406,1103086.54216,422
423,4897.46013194,1332055.43953,423
424,5466.41476412,1579920.18228,424
425,3709.29906425,850987.440115,425
426,5382.28839426,1659690.78021,426
427,5597.19714488,1740950.61361,427
428,6106.69855161,1558593.95117,428
429,3653.47770982,824774.847621,429
430,4326.1446318,1076007.62494,430
431,6886.95539419,2875515.77655,431
432,8678.73401045,2382534.45009,432
433,5053.55504509,1615841.75814,433
434,3707.37749521,851714.072805,434
435,4679.35873215,1280243.25661,435
436,5912.70153836,2033160.20493,436
437,7171.18291772,3307488.88099,437
438,6314.35121695,1729716.05207,438
439,6115.05363972,2265544.39857,439
440,5119.26588975,1382529.70948,440
441,6888.41539117,2630503.474,441
442,6752.7861235,2433543.42649,442
443,8021.00451248,3457059.73878,443
444,10958.755368,6586822.94405,444
445,12332.8039433,8751135.38241,445
446,8193.22287933,2181588.58209,446
447,5166.83470532,1408698.44404,447
448,6306.77094092,2548440.87574,448
449,12550.0755955,4674820.69041,449
450,5834.45836757,1400297.58537,450
451,5445.54934015,1566369.13122,451
452,6366.57995142,2166352.86695,452
453,3460.91035563,743709.217351,453
454,7050.24901532,1765636.40515,454
455,7383.7651182,2736843.27198,455
456,5368.15893172,1148865.28055,456
457,8116.20514943,2213314.78202,457
458,7500.64774968,2834838.84842,458
459,10599.3594912,4609721.94832,459
460,7810.2223813,3255583.75029,460
461,6014.22930319,1888194.96535,461
462,9217.94421189,2948806.15364,462
463,8320.60278028,2453866.54117,463
464,4283.29406862,932622.685673,464
465,5287.84256602,1443657.62731,465
466,4755.47842348,1022683.67262,466
467,4450.38264024,1165419.48021,467
468,5396.14560947,1287127.73051,468
469,6379.45688063,2299497.27306,469
470,4572.96343751,1303969.9956,470
471,5289.92264131,1325688.37589,471
472,5734.78466025,1689842.31789,472
473,6933.58841693,2265874.30042,473
474,4276.18600167,1001901.94066,474
475,5386.50283444,1286857.27602,475
476,4654.58539264,1179177.73524,476
477,6188.63029043,1408988.47018,477
478,4706.04465529,720523.650536,478
479,3615.53327013,284286.258455,479
480,3058.25454539,569586.80241,480
481,5181.56771973,408882.872291,481
482,31775.1618551,57875734.0345,501
483,7544.65038061,2114855.57178,502
484,30728.1989695,54854383.194,503
485,5421.10915354,1232510.20758,504
486,5037.25630171,1291850.37635,505
487,7012.5669578,2623968.87262,506
488,4456.30298097,643847.9532,507
489,10286.732815,2492709.10027,508
490,4344.23371216,844645.620857,509
491,2656.40172926,271554.814697,510
492,17260.3628003,9089418.62524,511
493,12078.2774242,5704256.37568,512
494,6382.3002424,2458230.45704,513
495,4850.19080334,1337874.97462,514
496,10094.6954916,5520808.92004,515
497,8122.59746604,3844207.58281,516
498,9117.76176791,5131404.70154,517
499,12932.1614626,6837685.75084,518
500,7304.53143667,3327622.46377,519
501,6798.18814965,1979657.90932,520
502,12409.5785738,5131100.04238,521
503,7412.62094022,2493756.39751,522
504,5276.4794631,964816.496729,523
505,7063.7792806,2696765.85505,524
506,6317.41654095,2166197.92019,525
507,11366.8417755,5356720.63544,526
508,6538.28962684,2424792.77212,527
509,8529.42833485,2543092.89017,528
510,8560.5401752,2534247.21746,529
511,6255.70914027,1268985.83737,530
512,6882.00882,2808369.87176,531
513,8650.75677257,4011708.40463,532
514,7008.62426579,3083405.30241,533
515,7354.27111845,2301452.34769,534
516,7121.90391654,1806929.66154,535
517,3796.75635776,874451.583158,536
518,11104.1422017,3545863.34817,537
519,8074.05705038,2197372.8507,538
520,8786.56778058,3668727.23824,539
521,5769.84253021,1362311.66014,540
522,4325.58406048,774671.811852,541
523,7450.41887696,3448379.04936,542
524,5151.909027,1526245.361,543
525,8275.40269087,3277570.09628,544
526,8052.86171736,1787050.46306,545
527,8688.55062508,4239483.08975,546
528,7279.44099465,3232189.7785,547
529,9078.92505802,5122725.63305,548
530,4629.83145326,578526.472751,549
531,2079.90929491,208620.104991,550
532,9377.51950606,4475589.84448,551
533,6870.38163667,2518391.88797,552
534,3806.18292103,798617.709262,553
535,5686.18602361,1815693.53245,554
536,3806.83987743,872648.947036,555
537,5186.15219531,1567787.79781,556
538,3682.88362562,847564.810865,557
539,6621.30084533,2267321.12604,558
540,6919.38572345,3093132.05983,559
541,6994.60267686,2598422.95477,560
542,5393.95379617,1310216.66869,561
543,7467.34143498,2996901.15554,562
544,5705.93429591,1664647.99909,563
545,3648.59206664,807738.700959,564
546,3561.68522811,792837.555569,565
547,6836.37033763,2354035.10207,566
548,5245.40960782,1595488.28898,567
549,3579.50079447,795807.595592,568
550,8833.5284217,3505769.44764,569
551,5432.64771969,1764422.74628,570
552,3772.30954125,871942.419066,571
553,8661.91705421,3752480.59637,572
554,9015.44013344,5006248.47922,573
555,8372.91567189,4090333.02212,574
556,6516.5403358,1990847.86036,575
557,15667.2862885,15284264.5578,576
558,13530.1530605,10293571.0713,577
559,10144.0981407,4501469.35052,578
560,11496.8209657,7591481.82482,579
561,9045.95695551,5015269.67731,580
562,6554.11084983,2427989.72751,581
563,10343.3359394,4494645.80621,582
564,9484.12186556,5814096.74033,583
565,7119.23134554,2807530.3585,584
566,7622.45410266,2455325.29749,585
567,10994.305654,7515978.31601,586
568,8585.51664911,3882910.62736,587
569,5626.01878822,1898531.94445,588
570,5690.78812852,1615276.63898,589
571,9814.20372074,5574767.53663,590
572,3584.6433624,553368.667614,591
573,9141.49162071,5062165.95452,592
574,6486.77716162,2441396.7184,593
575,6056.89263571,1685211.45633,594
576,8082.095761,4151666.63296,595
577,5774.1027393,1694071.65608,596
578,5796.56445497,1713920.55977,597
579,7440.85724955,3406923.53113,598
580,6531.30682447,2507201.66137,599
581,6101.15044039,1771623.27624,600
582,8019.09630985,4149340.10728,601
583,5767.17124359,1695990.93713,602
584,5763.59592647,1692923.10353,603
585,7419.0342495,3399041.00961,604
586,6573.89030648,2518849.07118,605
587,3745.48217948,876771.359709,606
588,6207.32138767,1995332.57767,607
589,4537.61915993,1165447.46829,608
590,5227.42870351,1448229.02898,609
591,5774.82554591,1784646.14126,610
592,5071.4921817,1688772.5952,611
593,4967.09951406,1527523.9259,612
594,4058.97501969,789649.243576,613
595,4686.13526824,1357810.03491,614
596,5129.6711268,1610233.07445,615
597,4351.87923542,705925.094726,616
598,6941.11492354,2468321.72207,617
599,10583.6185739,3091053.67397,618
600,10206.9561323,4862631.58073,619
601,7022.97966964,2629984.3403,620
602,13673.6802924,9650222.32866,621
603,17081.3532494,18734991.1531,622
604,6991.92743218,2701979.91981,623
605,9148.03260901,4876537.96409,624
606,10539.9312943,6552011.26516,625
607,4116.99528205,1060300.00346,626
608,6100.69567303,1445495.70716,627
609,5404.6081996,1622823.7562,628
610,7952.35345052,2887715.03439,629
611,8489.49096133,4582456.77016,630
612,9294.89865963,4819441.05669,631
613,6484.58683641,2496049.25125,632
614,8922.26508772,5306667.41101,633
615,6394.27093605,2392475.6933,634
616,5521.56920011,1861139.45678,635
617,8825.30427536,3329970.66832,636
618,9551.43964036,4159030.38583,637
619,7313.39555096,3304315.88843,638
620,7342.62200394,3343222.70758,639
621,4968.02911262,890934.161335,640
622,6002.32404718,2089732.39803,641
623,5212.41453455,1264975.0003,642
624,8175.68852423,3506003.29939,643
625,7460.29177435,3416518.24874,644
626,7443.77457343,3440420.60352,645
627,6599.46029691,2556448.48046,646
628,6697.27848048,2176695.35736,647
629,5825.35661794,1960039.15559,648
630,4143.11816941,939115.643871,649
631,5707.53550356,1991424.02572,650
632,5076.43289646,1395029.61064,651
633,7739.29539093,3540513.06744,652
634,4843.29089517,1367213.48651,653
635,2535.51110831,371025.072055,654
636,4926.72587798,1187881.21739,655
637,4922.88604107,1493254.7348,656
638,5912.02602981,2102031.05344,657
639,6183.9949318,2221691.58711,658
640,4225.85350268,1146930.72091,659
641,4362.49675688,959443.490334,660
642,3617.01589717,693418.015496,661
643,4856.5754245,1072697.54026,662
644,7456.84923973,1927102.96833,663
645,10328.3762595,5751210.15021,664
646,5145.10226459,871848.33656,665
647,8396.939413,2521056.68606,666
648,6502.40636503,1526617.54146,667
649,6342.15351525,2247443.82862,668
650,7028.69099256,2378928.57099,669
651,8706.33518918,2484517.0664,670
652,25627.1560346,39769999.5941,671
653,23968.3617186,34936426.8879,672
654,23333.6164559,33408293.9547,673
655,21394.8047212,28143241.3608,674
656,11299.8874167,6794589.10203,675
657,13590.4979593,8218880.57767,676
658,16691.76705,10757355.0603,677
659,10838.6400568,6819924.41864,678
660,6430.90540851,2434757.4643,679
661,16651.8121145,17261051.6279,680
662,19821.8625232,20970452.6791,681
663,8925.59877241,5005700.21496,682
664,9017.15000156,4904230.68183,683
665,7460.8045837,1709274.37642,684
666,8045.16358882,3936139.57734,685
667,7546.20365501,3512809.13779,686
668,7650.35030252,3768843.85249,687
669,8281.29873819,4254525.02784,688
670,4703.66148056,1302677.74555,689
671,13317.7634967,5231070.45771,690
672,11863.8921758,7053418.31003,691
673,16375.1470399,13624774.2734,692
674,12768.3733683,7493993.35418,693
675,5401.44435819,1704603.46095,694
676,5348.94942379,1684846.41376,695
677,7838.17840806,3529347.77688,696
678,6192.49781774,1806463.37191,697
679,3985.66117839,743449.797594,698
680,7560.08426323,3378093.55655,699
681,6456.10257087,1976807.9854,700
682,6371.37663377,1680655.25727,701
683,5475.12221839,990531.540148,702
684,4572.01974517,908384.133265,703
685,5292.84084154,1363898.56346,704
686,4172.59103042,1018683.07026,705
687,6548.38949927,1952872.24946,706
688,6440.5748819,1801061.87017,707
689,6706.82263417,2184680.73549,708
690,8482.75854803,3750905.20732,709
691,7731.53090714,3522327.08652,710
692,5838.54356824,1994474.10646,711
693,24506.8497112,28781485.7968,712
694,17469.0356694,7702562.64876,713
695,32201.0806176,63159739.0692,714
696,22215.1069109,19120209.0099,715
697,11910.3711012,5076166.30126,716
698,38854.8689505,77371501.0404,717
699,30133.8032989,38947983.1158,718
700,9585.67384801,5646652.98929,719
701,9878.43755369,4584193.25365,720
702,12918.9596387,6473079.95583,721
703,10444.892075,3756063.9158,722
704,15745.2920611,11748065.6511,723
705,14161.3884971,10815754.8938,724
706,19582.0950489,22436535.7214,725
707,29429.2668188,52447876.1497,726
708,37410.6397549,70670938.1509,727
709,28397.3145298,51403213.0611,728
710,13949.908226,7292017.95552,729
711,11757.9722648,2612165.91861,730
712,8715.73325425,2777448.63955,731
713,4254.07335884,639334.809389,732
714,7135.66461123,2987661.58774,733
715,37013.976758,71824981.9453,734
716,42139.0566441,61914563.7345,735
717,25522.5875852,41156587.5103,736
718,21014.3945809,20368943.8747,737
719,21841.1847055,22443567.5156,738
720,28184.2986204,48854559.679,739
721,32539.3971762,63443245.417,740
722,40869.7863273,61477157.178,741
723,34093.2719551,62902004.4009,742
724,38719.6451883,81365029.8632,743
725,31465.2535461,55912881.3008,744
726,26111.5064461,36589457.0653,745
727,3653.17707672,594767.976296,746
728,16890.6303967,8479309.93445,747
729,10499.8491933,3618432.46929,748
730,11858.7599454,4211359.04305,749
731,23707.1399352,22019423.5973,750
732,27078.5707027,47070538.9955,751
733,25377.3041408,39369798.5984,752
734,19457.3627577,9605936.60367,754
735,33141.7835189,54922794.5341,755
736,14475.7290668,5941842.89802,756
737,30778.6051625,33859733.3053,757
738,24083.8198095,34932822.2866,758
739,39633.2989609,88989339.1377,759
740,24208.169971,28685879.6343,760
741,8795.79642682,2677961.06846,761
742,33835.945178,59324769.062,762
743,5287.36630966,1318500.54965,763
744,28364.9736423,48469009.0413,764
745,28942.5705011,52376044.4364,765
746,6044.6530473,1875965.24189,1001
747,6627.84083397,2448745.58169,1002
748,9267.20534378,5171293.96616,1003
749,10575.478528,6189951.97877,1004
750,9707.10099975,5491947.139,1005
751,6150.84886727,1913139.49547,1006
752,9526.845289,5654517.02381,1007
753,7275.41131414,2441389.61345,1008
754,8943.8445426,4811994.59183,1009
755,9724.01132582,5150124.65583,1010
756,14008.0154677,10003655.2483,1011
757,12471.3863251,8598866.28885,1012
758,9091.12006516,4781177.51255,1013
759,5630.72298829,1510762.67478,1014
760,5735.09692882,1834758.22014,1015
761,8301.07799759,3593206.31778,1016
762,10425.852962,2275079.86248,1017
763,9573.53745199,2093078.23596,1018
764,4533.29250464,1204496.66341,1019
765,7013.33093552,2269733.8333,1020
766,6891.15106957,2215037.07965,1021
767,5944.80239014,1962459.52296,1022
768,5039.52610971,1080555.05439,1023
769,6074.38473267,1996492.00417,1024
770,8667.13721632,2309826.02313,1025
771,6220.9309182,1975608.452,1026
772,4353.50602834,923435.984045,1027
773,4792.01149395,1159875.47097,1028
774,6803.2054646,2044879.81369,1029
775,6275.12038226,1739587.37201,1030
776,7819.07808394,3943570.65088,1031
777,8886.28417862,2926398.85117,1032
778,6702.71491512,1186780.52227,1033
779,8136.36023465,4116908.05384,1034
780,10351.9062288,6368614.05888,1035
781,8443.290902,4405447.28032,1036
782,6941.92488061,1488989.66083,1037
783,8054.28313509,2929603.43562,1038
784,6226.40147358,2132130.18975,1039
785,6427.55907351,2322857.59221,1040
786,6392.73756271,2171226.34588,1041
787,6567.65525227,2329306.16769,1042
788,6884.55416248,2281821.35533,1043
789,6170.46063665,2191963.00999,1044
790,6361.0074776,2050677.95141,1045
791,6023.9537358,2220612.21148,1046
792,4133.03933576,867626.360163,1047
793,3213.05897513,620449.068219,1048
794,5593.89123985,1396655.8054,1049
795,5668.37475977,1492377.95655,1050
796,5993.44541793,1909635.38451,1051
797,6117.17090142,2050396.16247,1052
798,6146.02226935,2046828.08486,1053
799,10530.0259605,6426791.40859,1054
800,6235.25977329,2130312.15942,1055
801,6163.92397866,2104108.01114,1056
802,4518.94801006,1215338.65165,1057
803,3915.58053639,953073.458016,1058
804,6594.46834496,2522933.96259,1059
805,6719.36870246,2579084.84697,1060
806,4257.71345688,1078922.72258,1061
807,4699.6112216,1431872.7168,1062
808,6943.72853585,2621736.91289,1063
809,6128.44394973,1886389.55869,1064
810,5714.29986899,1614132.13584,1065
811,6761.12823002,2683419.33614,1066
812,5537.47276089,1426772.90237,1067
813,6834.93283899,2787238.74869,1068
814,7393.8186942,2467249.2985,1069
815,6603.80744353,1780844.85354,1070
816,5970.97903912,1263303.87331,1071
817,7701.32897573,2933993.59638,1072
818,8183.71856634,4146101.35126,1073
819,8172.92865937,4160768.38126,1074
820,8291.81182081,4231546.47286,1075
821,4729.29695383,677236.917617,1076
822,7674.8717734,3593360.21387,1077
823,5547.30323431,1625618.74619,1078
824,7092.39583875,2727654.77519,1079
825,5700.95637403,1579348.10479,1080
826,4662.26930134,1208373.54993,1081
827,5530.23759097,1614334.89286,1082
828,5771.14995249,1761457.14199,1083
829,6403.94751845,2072206.21958,1084
830,4846.37149505,1047080.51652,1085
831,6869.61481064,1646581.02832,1086
832,5526.02918041,1732058.27282,1087
833,4971.10189186,913270.511055,1088
834,5699.41954245,1643288.48694,1089
835,4642.61735969,1162307.82074,1090
836,4320.10715889,884054.494608,1091
837,7768.65263671,3608414.47125,1092
838,7144.91306554,2381637.66544,1093
839,6808.94697546,2457923.23699,1094
840,6258.9307609,1942489.77064,1095
841,6302.7882576,2264125.66623,1096
842,8186.68054771,4165882.74124,1097
843,8175.29875757,4215693.66179,1098
844,8207.00737781,4169823.89776,1099
845,5524.82816488,1267730.28532,1100
846,7343.3955331,3137907.44629,1101
847,8064.67881945,3030585.2442,1102
848,5463.10027757,1321060.23581,1103
849,7030.58020633,1066391.89146,1104
850,8229.79645663,3418416.28352,1105
851,5909.50892394,1725414.75315,1106
852,6766.46977274,2617939.12086,1107
853,5905.72719652,1755755.13314,1108
854,6904.79421872,2666261.58454,1109
855,6588.79806237,2323508.02011,1110
856,6417.65803486,2099370.17587,1111
857,7643.63003126,3583783.87939,1112
858,9348.05957303,5090235.11709,1113
859,8193.21447046,2284111.5251,1114
860,7320.71533872,2607159.15554,1115
861,8830.61684909,4781436.03563,1116
862,8396.18255997,3203169.16306,1117
863,7918.85074094,3718615.97395,1118
864,6565.31399905,2200384.69454,1119
865,5741.16891583,1444950.02217,1120
866,5726.23961536,1343228.96374,1121
867,6246.17773537,2364734.6373,1122
868,5512.26338589,1413886.5861,1123
869,6703.25852022,2330796.61302,1124
870,2292.5616307,215029.176941,1125
871,5132.58124833,1637736.90709,1126
872,3042.45436022,372165.52883,1127
873,4813.78414172,1251672.72165,1128
874,7786.85817906,2839779.83227,1129
875,5397.48738731,1245879.94235,1130
876,7645.15179361,2731221.27631,1131
877,5752.54213078,1317345.05894,1132
878,7193.14113828,2409735.71829,1133
879,7473.72851875,1624996.57026,1134
880,8112.05841218,4034510.90122,1135
881,6945.07634443,2114510.70004,1136
882,7022.4369409,2304749.57699,1137
883,8415.07907641,4399700.01063,1138
884,8253.12673437,4274830.25193,1139
885,6905.33725257,2706462.4152,1140
886,6382.23616922,2200535.78385,1141
887,6710.13952329,2347895.95236,1142
888,6049.69120997,1976120.4578,1143
889,6038.18261347,1978105.57429,1144
890,6043.15079852,1977635.85711,1145
891,6033.20729817,1961960.6521,1146
892,6012.16432084,1611405.64551,1147
893,6706.27845535,1877598.80541,1148
894,6635.94762439,1550507.86651,1149
895,6241.82821565,1700635.26476,1150
896,5059.93204059,1405547.99363,1151
897,6638.76386343,1710431.33575,1152
898,5371.69495309,1001378.73746,1153
899,4850.63056828,1405687.19893,1154
900,5862.10160376,1792211.6856,1155
901,6824.94257487,1927340.65568,1156
902,9042.07174847,3095295.33069,1157
903,5135.0975486,1056816.50703,1158
904,3692.88054204,844516.135796,1159
905,4533.54192221,1177532.08029,1160
906,4916.45327891,1433246.32557,1161
907,4030.9863403,1012134.21213,1162
908,6232.26351148,2181662.37971,1163
909,6220.16193926,2128822.36708,1164
910,6183.87072078,2125290.88108,1165
911,6168.59261738,2110538.22925,1166
912,8205.81120042,4094413.58315,1167
913,8287.83622874,2049781.42472,1168
914,6984.42327954,2047706.09623,1169
915,6577.48385735,1483594.14555,1170
916,7406.2687253,2674911.81819,1171
917,5995.83543841,1922127.82342,1172
918,5246.05731843,1454396.1539,1173
919,3493.42845519,750299.434698,1174
920,4008.27646793,879887.261085,1175
921,4700.83696728,1363872.6079,1176
922,6518.93710958,2348269.50003,1177
923,5211.21986718,1693307.67068,1178
924,6592.05065657,1962579.89154,1179
925,5760.88519404,1916679.45038,1180
926,2991.59485754,487237.408508,1181
927,6413.26090944,2031965.4306,1182
928,4703.88196971,1335078.66057,1183
929,5514.45977879,1823237.34233,1184
930,4361.25935165,985930.427988,1185
931,5512.21028597,1753350.72074,1186
932,6384.00038228,1751218.8106,1187
933,6605.6433588,1474044.72596,1188
934,9191.10613421,2335359.18692,1189
935,6663.35541832,1839884.03502,1190
936,8147.93348414,4156955.87319,1191
937,12554.2955186,8556729.98069,1192
938,8437.33765998,4422570.13474,1193
939,6386.25767317,2039243.76369,1194
940,6423.81602176,2332647.96644,1195
941,6715.0857077,2356841.34234,1196
942,4604.85161856,1148295.57874,1197
943,6591.19554154,2273381.08768,1198
944,5944.04340085,1716604.46684,1199
945,6323.76704611,2100659.29813,1200
946,6404.0405756,2213785.64523,1201
947,5920.40586221,1896059.92804,1202
948,7026.80964958,2340626.64507,1203
949,5834.9868925,1592120.7871,1204
950,6655.51964788,2598057.74361,1205
951,6404.94319527,1683168.75347,1206
952,6669.65468423,2590631.15115,1207
953,6272.05542636,2192917.71255,1208
954,6308.22055959,2097257.11722,1209
955,8325.76575621,4294521.16805,1210
956,12411.3779918,8365179.25318,1211
957,8152.88347765,4064606.29395,1212
958,6576.54805245,2281448.53991,1213
959,5726.09099839,1853428.95547,1214
960,6263.06621671,1672962.62989,1215
961,7061.77885201,2516632.84795,1216
962,6313.73933498,2206065.26036,1217
963,8100.62313231,3995210.14848,1218
964,7272.19237267,2548354.1189,1219
965,10654.7350726,6441572.94907,1220
966,13054.9122092,9155330.84608,1221
967,7532.82275765,2195951.94277,1222
968,6809.75381492,2648498.18783,1223
969,7316.59916119,2572223.90093,1224
970,8223.31566082,3057034.18668,1225
971,8511.54896288,1931895.34144,1226
972,12716.486223,5460516.64029,1227
973,10975.9438263,7001956.60839,1228
974,10465.7053112,6396955.31451,1229
975,7930.34291412,2573447.05189,1230
976,6821.21672462,2020871.46193,1231
977,8727.16408724,3054521.89701,1232
978,5167.00711571,1562818.01379,1233
979,6483.41388846,2337674.69769,1234
980,7471.76250252,3051233.2022,1235
981,6191.4880751,1412230.12923,1236
982,7687.99116412,3481806.85398,1237
983,5093.69844973,1201437.56719,1238
984,8029.36296175,2872096.93248,1239
985,8102.92875815,4085969.37215,1240
986,8303.66379453,4340563.54251,1241
987,8344.7166972,4329585.68773,1242
988,8843.16432037,2935044.63936,1243
989,7834.8762874,2176980.57904,1244
990,6989.26660685,2495804.89375,1245
991,6687.44703402,2458505.42876,1246
992,7386.65073686,3170972.6449,1247
993,7988.70447333,3727332.1787,1248
994,7248.9506708,1953417.70572,1249
995,6705.50044421,2523770.50102,1250
996,6296.94254229,2131367.17956,1251
997,5100.76022303,1298413.99617,1252
998,6387.5618676,1744520.9364,1253
999,5210.05793503,1389995.85964,1254
1000,5890.74301837,1973484.45622,1255
1001,5972.10714074,1819780.42736,1256
1002,5828.267696,1800735.06891,1257
1003,5436.10259162,1527342.72239,1258
1004,7493.02800946,3436806.29477,1259
1005,9247.64001914,3176909.58001,1260
1006,5348.96653834,1463699.6245,1261
1007,4996.10486942,1439314.58389,1262
1008,6884.55964416,1938050.20535,1263
1009,5308.7224194,1620376.8598,1264
1010,6045.68464052,1907813.10328,1265
1011,5221.99766623,1590155.91309,1266
1012,28474.9092104,40330397.9361,1267
1013,27452.3024151,40568055.4942,1268
1014,8240.6452184,4215996.96282,1269
1015,8173.57181405,4094307.37809,1270
1016,20490.9098031,16738671.0956,1271
1017,8277.23407103,4190465.95875,1272
1018,8043.82528448,4049940.18557,1273
1019,10442.1259037,6349456.33652,1274
1020,8178.1951758,4161079.27668,1275
1021,18467.1200406,18819294.901,1276
1022,22788.9624823,31781668.0662,1277
1023,18541.5424025,20879667.8961,1278
1024,17196.4265565,4844290.15329,1279
1025,29374.9125226,36687623.1747,1280
1026,12300.3844511,6333079.98312,1281
1027,26978.998314,44024629.9666,1282
1028,22536.4814481,29077779.9114,1283
1029,10224.9868511,4087028.54549,1284
1030,8454.59276172,4466991.47652,1285
1031,8451.34883757,4393602.77229,1286
1032,8069.47718731,4048807.77823,1287
1033,8536.59983276,3895997.71009,1288
1034,8094.85069821,4097620.23998,1289
1035,8095.71536575,4051637.28976,1290
1036,18690.2054541,18443024.5636,1291
1037,14133.0594436,11436331.0304,1292
1038,18635.1278265,19127591.2876,1293
1039,31037.458483,46631012.2421,1294
1040,16596.1876495,16971913.3034,1295
1041,21181.4478251,26297279.9771,1296
1042,11981.3988618,6648307.76369,1297
1043,9387.47500009,4538091.39518,1298
1044,9437.23212926,5007433.12773,1299
1045,7919.60038715,3641746.87449,1300
1046,7372.30639105,2274079.89454,1301
1047,6567.27944708,1940334.61859,1302
1048,10888.7572168,3347329.02538,1303
1049,17649.4249762,13883574.4858,1304
1050,16188.7650346,12530285.3532,1305
1051,15844.5380521,12123110.4356,1306
1052,15328.9647655,11600508.747,1307
1053,12370.9008256,6216854.8013,1308
1054,8597.3214635,2420235.31826,1309
1055,10175.7574441,4194045.12987,1310
1056,8806.49098997,3021991.97229,1311
1057,20001.5842538,21202995.2746,1312
1058,12060.4735423,5671501.86816,1313
1059,9811.03279243,4834136.02803,1314
1060,10462.2969625,5780064.41467,1315
1061,8510.39412656,4205221.81477,1316
1062,9850.22320076,5793509.52898,1317
1063,7504.31079221,3272736.57679,1318
1064,8205.24276727,4159681.82229,1319
1065,8221.11529237,4220319.55683,1320
1066,12321.3064088,8407678.62833,1321
1067,8213.49452016,4187908.36591,1322
1068,8185.89241576,4199145.53722,1323
1069,8346.54016177,4182217.41228,1324
1070,8235.07298753,4204683.90283,1325
1071,8351.46052991,2576251.81533,1326
1072,16416.2871501,16527904.3015,1327
1073,28796.2647005,41977907.67,1328
1074,31953.6107543,54291002.8726,1329
1075,21561.306842,26212480.06,1330
1076,9753.29640965,5861913.2176,1331
1077,13886.5956119,10267290.0974,1332
1078,7047.51395789,2356415.9023,1333
1079,7770.6378762,2867472.33001,1334
1080,10221.7322755,6254028.88873,1335
1081,8262.00201691,4301790.70016,1336
1082,19816.4465793,15318341.518,1337
1083,7023.89103232,2758007.55964,1338
1084,5443.45018507,1839184.02389,1339
1085,5570.74531217,1593041.12748,1340
1086,5481.17903318,1448426.88938,1341
1087,6682.86636708,2646899.8621,1342
1088,27067.6784721,38727344.9316,1343
1089,23102.8720975,28838385.6905,1344
1090,23995.2507073,25515119.7912,1345
1091,28104.8377165,40600373.6963,1346
1092,24073.0445741,28470042.9683,1347
1093,24471.0722925,30848603.9567,1348
1094,32434.7231372,70840027.0632,1349
1095,24464.979504,30518938.64,1350
1096,16605.8750678,17096838.3391,1351
1097,16572.8679773,17049649.6841,1352
1098,13065.7173528,10795467.7243,1353
1099,3860.40478934,808857.926544,1501
1100,5296.28337409,1715850.85091,1502
1101,7126.78009238,2481748.25741,1503
1102,8863.62595711,2956952.0095,1504
1103,5839.96279362,1872129.39969,1505
1104,6296.66888016,1903215.84717,1506
1105,7520.61235095,1869298.10799,1507
1106,5853.33516928,1594796.02527,1508
1107,6443.35922331,2504947.07494,1509
1108,4089.71728947,982346.140365,1510
1109,6790.26305164,1410937.62336,1511
1110,6211.65640713,2154663.25068,1512
1111,1645.85649808,159589.577334,1513
1112,7707.72445478,2537948.83824,1514
1113,7665.90514859,3356351.31249,1515
1114,5299.15406486,1672632.79292,1516
1115,7282.52021216,3399998.37458,1517
1116,6558.59941431,2543075.55982,1518
1117,10715.4170775,3788571.81752,1519
1118,9057.76724881,4996286.8629,1520
1119,8605.983506,4307512.75932,1521
1120,4587.47202706,1125954.71373,1522
1121,3643.48625604,800486.431197,1523
1122,3958.95836327,819972.301871,1524
1123,5565.54586338,1258534.53935,1525
1124,5898.44783501,1637838.66495,1526
1125,6297.46749251,1910321.1,1527
1126,5055.97615816,1496763.76579,1528
1127,6205.10385514,1932904.22095,1529
1128,4494.83290184,1238398.49259,1530
1129,5631.29065164,1482320.72711,1531
1130,1918.7666105,200968.613818,1532
1131,6069.74267051,1969396.93958,1533
1132,8075.33131035,2164227.90693,1534
1133,6222.5079248,2202430.84623,1535
1134,6014.5623029,1889024.3577,1536
1135,4463.38566103,1000710.71461,1537
1136,5501.00472344,1346028.013,1538
1137,13826.8620676,7448525.9376,1539
1138,9918.25370662,4294088.41796,1540
1139,11203.2625587,2642398.2233,1541
1140,13294.2422711,3377901.82457,1542
1141,10440.2395972,3283436.53181,1543
1142,4354.22067333,1003429.9913,1544
1143,7421.17373891,2514977.80681,1545
1144,9797.17805631,4750140.78931,1546
1145,5669.70287087,1960056.29641,1547
1146,7571.17961451,3376010.83404,1548
1147,9636.46193008,4912113.91244,1549
1148,6165.23507281,2149092.77404,1550
1149,13452.8598103,5284286.64782,1551
1150,8496.68005371,2442220.49037,1552
1151,6101.99648485,1866138.42824,1553
1152,7925.0263419,2599523.89747,1554
1153,9100.04976685,2570916.50704,1555
1154,4915.75428012,1323960.51539,1556
1155,3490.62890537,615216.522548,1557
1156,3544.56463857,804191.764202,1558
1157,6078.97692411,2027144.28379,1559
1158,6102.66201047,1987479.70609,1560
1159,7128.83423114,1756699.6732,1561
1160,6559.04304951,2367977.25551,1562
1161,5422.70282084,1553963.89865,1563
1162,8455.0507654,2544345.91934,1564
1163,4982.8736227,1238902.36065,1565
1164,3038.96022861,569788.521618,1566
1165,4125.26389419,749976.867967,1567
1166,6251.61599262,1918198.00201,1568
1167,6450.83540709,2318765.33361,1569
1168,7146.89661721,2329644.94044,1570
1169,8156.32217358,3282126.48182,1571
1170,4828.61334711,1290503.17856,1572
1171,3714.99348888,862020.895116,1573
1172,6144.0380349,2035333.94721,1574
1173,6124.60922312,1577636.44755,1575
1174,5855.92132725,1983502.79867,1576
1175,5734.77272218,1915492.11868,1577
1176,9318.22835673,3255156.427,1578
1177,5060.82950606,1513539.63686,1579
1178,5651.64469178,1916208.53837,1580
1179,4962.31323987,1546131.47453,1581
1180,5338.81478488,1635553.93683,1582
1181,4873.36066242,1390817.47077,1583
1182,5528.25134085,1628719.04977,1584
1183,9119.21188405,3323885.51093,1585
1184,6129.71636086,2041399.95492,1586
1185,6140.47840406,1974509.69694,1587
1186,5387.98644083,1757614.35569,1588
1187,4951.93356683,1500172.01351,1589
1188,7676.17191136,3496316.2892,1590
1189,6334.60939641,2491983.82345,1591
1190,5215.512853,1438710.87819,1592
1191,7496.29136737,3315324.92772,1593
1192,10612.6413263,3577131.16384,1594
1193,6146.43698367,1971978.45864,1595
1194,7438.9509824,3379773.51032,1596
1195,6002.59680256,1395427.54228,1597
1196,5774.86548942,1663807.81048,1598
1197,5552.74744679,1344385.96248,1599
1198,6362.05751906,2234270.13835,1600
1199,6678.44852648,2301383.35836,1601
1200,4462.56567236,1141581.47136,1602
1201,8430.42182906,4033081.73335,1603
1202,6278.81522629,2289690.74727,1604
1203,7338.5037499,3439488.61438,1605
1204,5661.70563857,1921898.33316,1606
1205,7930.50497277,3474657.50475,1607
1206,3126.37497253,491466.717263,1608
1207,15440.5252618,7195628.03306,1609
1208,8844.23784593,4099600.4399,1610
1209,6808.86857695,2129668.06337,1611
1210,4981.18592016,1426955.53436,1612
1211,6854.71945692,1425198.72256,1613
1212,5255.97113529,1656608.53931,1614
1213,9320.61874497,2984872.81199,1615
1214,5707.59931814,2090787.2823,1616
1215,5548.47447159,1927926.61758,1617
1216,7865.31452946,2006144.38229,1618
1217,7151.54383683,2851961.34331,1619
1218,6338.04929534,1328172.33959,1620
1219,8319.40853404,3254072.24457,1621
1220,6962.79780808,1704976.7619,1622
1221,9049.60785562,4870162.22141,1623
1222,6449.97570868,2489203.5624,1624
1223,6923.20396699,2813820.90881,1625
1224,7480.60237348,3329229.41484,1626
1225,7685.19084533,3387161.01917,1627
1226,7212.991945,2918963.01778,1628
1227,10583.5495806,3735276.66758,1629
1228,7486.49073072,2405909.03993,1630
1229,4920.0693684,1502045.30259,1631
1230,8931.79002913,4262099.76603,1632
1231,4588.02041565,783375.193424,1633
1232,5867.7004627,2126102.21753,1634
1233,5834.63909368,2148550.03094,1635
1234,11889.7408263,7007451.03708,1636
1235,11746.7226989,5822381.17399,1637
1236,4647.23331245,990527.544036,1638
1237,4095.24219565,883987.004937,1639
1238,6872.02971905,2710690.16725,1640
1239,4805.25511218,1295705.27502,1641
1240,5400.18049736,1670532.64512,1642
1241,6818.08851588,1780748.5003,1643
1242,4494.84292451,1216733.12389,1644
1243,5089.44203701,1055190.57975,1645
1244,6183.12844174,2218234.40272,1646
1245,5058.68249801,1207398.19108,1647
1246,5378.63109772,1129014.45745,1648
1247,2455.61423238,328148.267606,1649
1248,3061.0114883,446987.836936,1650
1249,3031.17929684,496010.610953,1651
1250,2909.7077855,363934.998872,1652
1251,10094.114374,4518358.35521,1653
1252,9181.10015792,4074985.08421,1654
1253,3950.23660403,938506.843235,1655
1254,6309.78999712,2345499.58557,1656
1255,4117.04269626,870798.545785,1657
1256,7681.37198011,3342031.0099,1658
1257,6222.16719061,1712813.95473,1659
1258,6620.50421793,2218104.29193,1660
1259,6494.51601036,2623575.80801,1661
1260,5876.35409292,2105016.87919,1662
1261,5838.19519443,2087014.73077,1663
1262,5795.61490475,2044595.83238,1664
1263,6125.21468583,2157615.9855,1665
1264,6520.66643302,2064566.40433,1666
1265,5110.80181305,1618428.21987,1667
1266,6424.85605039,2327748.35845,1668
1267,6775.07710413,2537767.99656,1669
1268,5024.14302285,1552331.0008,1670
1269,5629.1812244,1723385.97324,1671
1270,5654.64448373,1984162.8213,1672
1271,5809.73946852,2117011.64367,1673
1272,5989.46597293,2214373.84328,1674
1273,7262.72206397,2736837.90519,1675
1274,6104.57532448,2300435.42381,1676
1275,6602.76929767,2587419.90743,1677
1276,6454.90957245,2505171.7814,1678
1277,5537.16672491,1892468.79363,1679
1278,5778.61277238,2024795.4644,1680
1279,8947.9401851,3802635.43457,1681
1280,7726.30297077,3400263.94074,1682
1281,6395.9929748,2513573.66054,1683
1282,9324.71582051,3946329.18802,1684
1283,5839.60171661,2061354.28141,1685
1284,5739.35652739,1990762.00261,1686
1285,11591.8458033,8296489.68181,1687
1286,22890.13275,25063679.2719,1688
1287,48974.6119547,83664486.6629,1689
1288,7746.97027036,1913638.8149,1690
1289,11182.3901475,5237094.04033,1691
1290,6371.39217501,2577157.4076,1692
1291,8907.90347922,4082495.65776,1693
1292,8475.54216703,2937221.76863,1694
1293,21183.2248646,24832317.7046,1695
1294,31397.9444444,60868962.5596,1696
1295,13142.64349,9825111.07162,1697
1296,14728.2684173,9088778.29697,1698
1297,22770.2076555,28978044.1287,1699
1298,36385.3262961,58411629.0982,1700
1299,16989.0897306,12217194.3226,1701
1300,29562.1376308,50352871.0735,1702
1301,8346.70591463,3448955.04679,1703
1302,31250.2954342,56965961.0132,1704
1303,12484.0513215,8730090.35627,1705
1304,29130.9220983,29483744.1439,1706
1305,33684.3578913,39120746.8921,1707
1306,24204.8015788,24980580.9108,1708
1307,6349.8043694,1977650.68646,1709
1308,6659.55624373,2881922.71219,1710
1309,5422.14435857,1293427.29149,1711
1310,6026.80912016,2158281.25682,1712
1311,4944.01787633,1320728.18631,1713
1312,4794.26743637,1205419.30833,1714
1313,3160.63516012,447431.885659,1715
1314,15151.2682267,8007697.45164,1716
1315,6061.86265406,2312262.01699,1717
1316,5855.38238449,2156604.31117,1718
1317,5976.37610125,2160348.5667,1719
1318,5996.49641028,2218817.3642,1720
1319,5791.03378542,2100636.2911,1721
1320,5961.42055455,2138279.83548,1722
1321,6643.39139755,2683883.83794,1723
1322,7079.34078031,2805491.97381,1724
1323,3665.48499582,783411.151551,1725
1324,11446.0596791,8391160.41458,1726
1325,9105.52518771,4360301.32032,1727
1326,11752.9909245,4278168.80994,1728
1327,6498.22970643,2553314.25395,1729
1328,6411.49710626,2496544.47011,1730
1329,8025.60900745,3258517.72539,1731
1330,11130.3352093,5723719.3042,1732
1331,14192.7311974,12048593.3366,1733
1332,5313.82344831,1730521.28097,1734
1333,5243.13244644,1698475.95019,1735
1334,5627.63410149,1949206.11149,1736
1335,5270.0858117,1720717.20353,1737
1336,5259.70038635,1710306.63416,1738
1337,5243.23730682,1697586.95516,1739
1338,5287.88815993,1693117.84859,1740
1339,5296.19519916,1698851.75008,1741
1340,5305.71126734,1723462.74102,1742
1341,10213.2585536,4612086.36131,1743
1342,8425.20219645,3429980.13186,1744
1343,12401.7119517,8958498.86991,1745
1344,22673.6331771,24812816.1633,1746
1345,8942.37126429,4270289.11691,1747
1346,8845.97689833,4087755.66772,1748
1347,9371.46150295,4899300.26416,1749
1348,8387.83119374,3416760.37381,1750
1349,31223.1796825,59797583.4225,1751
1350,34936.19686,66393712.3986,1752
1351,8663.67887055,2033487.64289,1753
1352,9305.18646454,4959735.17836,2001
1353,8670.24365161,3859590.71284,2002
1354,7595.62801812,2695711.77549,2003
1355,6817.04744195,2213728.52115,2004
1356,8492.54058869,3709394.68285,2005
1357,8866.139661,4892386.27434,2006
1358,6446.28948626,2334499.72526,2007
1359,6189.08917666,2014911.02621,2008
1360,4544.03988538,1235412.84367,2009
1361,4280.97649614,981206.341805,2010
1362,11411.0355755,6000912.62492,2011
1363,6419.82175603,1443855.70029,2012
1364,3611.786436,630700.979645,2013
1365,6261.41929646,1282127.08787,2014
1366,4594.77542505,850395.767022,2015
1367,5999.93990282,1859387.97468,2016
1368,8729.8196333,3608771.32374,2017
1369,9540.81528578,3124630.43646,2018
1370,5383.29052641,1166394.5534,2019
1371,9773.53956928,4976374.25518,2020
1372,9231.24190767,1561849.79587,2021
1373,6607.73282706,1874890.0315,2022
1374,6955.72442045,2989622.76235,2023
1375,8388.3823198,4175922.4679,2024
1376,6223.56764529,2145216.06485,2025
1377,7749.90720694,2079431.65964,2026
1378,7171.86120893,1585453.96909,2027
1379,3971.70278223,775098.895245,2028
1380,6618.8432597,1928309.12002,2029
1381,4853.30474776,1433765.8127,2030
1382,6401.58337091,1892848.26148,2031
1383,3732.41335916,850658.170875,2032
1384,6128.35971653,2057789.14314,2033
1385,3624.36538328,808373.560137,2034
1386,4327.76473686,1147982.50327,2035
1387,5402.37064943,1439149.1945,2036
1388,7319.83049644,2671402.85228,2037
1389,6594.25984457,1674917.42447,2038
1390,9456.73333205,3744508.53842,2039
1391,9104.9519724,3400069.16155,2040
1392,7857.27474737,3350947.63231,2041
1393,8338.94663116,4223122.03009,2042
1394,6482.32326107,1151230.41527,2043
1395,7108.73187334,3050758.17758,2044
1396,8121.94470936,4090756.28928,2045
1397,5565.40143924,1577982.86851,2046
1398,11899.7175424,6289319.19766,2047
1399,8876.13018083,3406669.12535,2048
1400,7739.17097993,2840977.18822,2049
1401,5120.62780621,1028541.36496,2050
1402,6031.03767733,1692947.02126,2051
1403,10743.3362816,3972792.17088,2052
1404,7039.14540793,2654416.18827,2053
1405,5847.68632982,2005125.95562,2054
1406,5916.49362208,1625552.35027,2055
1407,6660.77296396,1982105.19147,2056
1408,6205.36565102,2085592.47133,2057
1409,5673.46507068,1169060.34598,2058
1410,7062.48185779,1914742.86705,2059
1411,5792.43593944,1611092.69658,2060
1412,5315.58830983,1552200.30306,2061
1413,6617.6811873,1733735.74123,2062
1414,4276.1499448,1126091.59245,2063
1415,4135.56230179,1070931.14134,2064
1416,5107.70684052,1592053.18094,2065
1417,4567.71766649,1176958.82652,2066
1418,4215.40457307,1028607.86385,2067
1419,4406.99678098,1135718.27752,2068
1420,6815.46018858,2394626.93168,2069
1421,4698.85225222,781058.738281,2070
1422,5356.44037593,1174142.07399,2071
1423,5271.22862437,1682197.2652,2072
1424,5395.27188819,1657208.29494,2073
1425,6015.28655105,2085333.67631,2074
1426,6058.39596711,1803439.38589,2075
1427,6220.8016254,2064786.87692,2076
1428,6404.70690713,2259716.05488,2077
1429,8189.67289021,4187709.74263,2078
1430,8125.24465053,4123175.96345,2079
1431,8171.68250118,4137635.28028,2080
1432,7455.23535397,2756337.7656,2081
1433,6105.03550117,2035272.36007,2082
1434,6184.03938434,2102520.40559,2083
1435,7786.4035154,3856287.79799,2084
1436,7270.38917543,1676489.31231,2085
1437,5238.23640223,1254831.71698,2086
1438,4687.07799726,1122353.14704,2087
1439,7936.78024082,3485913.1247,2088
1440,9249.09433631,3563334.95489,2089
1441,6403.32581713,2366248.27701,2090
1442,12853.3989089,8767890.14442,2091
1443,10060.8547477,6065282.79331,2092
1444,15785.5961805,15259673.9554,2093
1445,15751.5803991,13642830.832,2094
1446,9775.49817378,3281663.978,2095
1447,14852.1324157,12984519.2892,2096
1448,14497.5976391,12938015.6919,2097
1449,17302.1839163,9296730.15817,2098
1450,14792.4808056,12782513.7335,2099
1451,18040.7410027,19729672.4028,2100
1452,8886.7845873,4222297.48161,2101
1453,5010.1774738,1465268.21913,2102
1454,5431.85655297,1776695.88719,2103
1455,6865.01452638,2872367.0826,2104
1456,6581.83678399,2678299.88201,2105
1457,16999.2184559,14030654.6225,2106
1458,5873.10312577,2132063.73497,2107
1459,5849.4688315,2078931.88949,2108
1460,7203.80710816,3161047.44822,2109
1461,7231.01165002,3189284.29156,2110
1462,8620.29966156,3411749.01203,2111
1463,8670.15171062,2982770.46415,2112
1464,19344.2164067,22091032.7654,2113
1465,14361.2815793,12569883.7607,2114
1466,15614.0414365,11095013.7654,2115
1467,6707.47075179,2342960.28402,2116
1468,5418.21186293,1744059.1107,2117
1469,4649.47294437,1275785.4349,2118
1470,5827.1276614,2157466.02935,2119
1471,6125.12572024,2124171.61003,2120
1472,8781.36681119,4252133.51747,2121
1473,6398.53066851,2243065.46261,2122
1474,5297.09257047,1729272.65962,2123
1475,6487.69815968,2543136.85589,2124
1476,6895.60002748,2899813.95076,2125
1477,6836.76598226,2110877.18065,2126
1478,6437.27350111,2504978.94557,2127
1479,6764.37031664,2031141.05075,2128
1480,5911.07683297,1604441.96414,2129
1481,8006.03479927,3489789.42287,2130
1482,8958.88001673,4073613.45129,2131
1483,14282.3917623,10095064.9257,2132
1484,14837.6534852,12991982.4406,2133
1485,15142.4584925,12861190.2426,2134
1486,18805.2742211,16535149.9668,2135
1487,9614.76606815,5668749.23912,2136
1488,17673.1417872,19475198.167,2137
1489,9621.07670972,5524411.12783,2138
1490,23617.9887777,34461781.8288,2139
1491,23800.5382768,30764210.2342,2140
1492,21003.0371488,22599732.4527,2141
1493,18432.3588089,16256098.278,2142
1494,19654.0178647,23822149.3196,2143
1495,7179.4068592,2518982.98121,2144
1496,3663.10676589,830076.723925,2145
1497,3828.43339223,902445.391493,2147
1498,8113.32893505,2889234.53609,2148
1499,27405.0339474,29028309.2593,2149
1500,5675.5705876,1741926.7996,2150
1501,3919.10869896,789902.926504,2151
1502,6679.13229336,1589112.53026,2152
1503,8426.59713321,2125972.9035,2153
1504,20695.9033391,25601407.4023,2154
1505,17889.3362492,17163594.0571,2155
1506,12988.0112527,3331588.89863,2156
1507,6220.40582869,1171709.15977,2157
1508,5641.77896592,1749764.35044,2158
1509,5477.56633186,1526404.78101,2159
1510,8505.28551056,3247169.38874,2160
1511,3602.99628058,539059.209442,2161
1512,7073.95219339,2366205.70488,2162
1513,7747.33237184,2235259.05655,2163
1514,7462.12109411,2109868.24586,2164
1515,12366.8498795,6065233.44834,2165
1516,8919.19438736,2570084.59408,2166
1517,14209.0340984,7626292.0604,2167
1518,11702.9037576,8514956.48308,2168
1519,21913.499709,23824617.134,2169
1520,24951.4845569,34091578.0332,2170
1521,10333.0236707,6052170.32509,2171
1522,17719.5111005,14693553.6086,2172
1523,17891.8938438,16879636.4393,2173
1524,20622.8739948,25278376.0119,2174
1525,21907.5403177,16950757.0926,2175
1526,5293.82213219,922880.905075,2176
1527,5940.57738369,2076922.41136,2177
1528,7027.24363411,1895611.57569,2178
1529,10324.0444317,4858563.83546,2179
1530,8420.73207954,4391802.56749,2180
1531,5971.56706506,1773940.55877,2181
1532,6767.309667,2623054.31602,2182
1533,8392.89265264,4390104.7498,2183
1534,9571.6914506,4446124.43467,2184
1535,11207.6446436,5454831.55778,2185
1536,8139.95196755,4126409.00235,2186
1537,7020.33781771,2804522.85875,2187
1538,6867.76626422,2802446.26128,2188
1539,8529.68236462,3442891.7308,2189
1540,5481.87556736,1438955.86369,2190
1541,9096.78100422,3696525.26909,2191
1542,6368.41000288,1784256.34752,2192
1543,4137.61830076,884943.99406,2193
1544,4763.71598596,1064472.15541,2194
1545,11118.8374805,5811442.53185,2195
1546,4826.94304765,897757.799058,2196
1547,4290.83494098,804296.775549,2197
1548,6489.50161041,1685336.67454,2501
1549,5180.03998249,1412027.41994,2502
1550,5975.52082553,1417965.92539,2503
1551,5700.8225713,1299050.80867,2504
1552,6576.94465943,1838679.80265,2505
1553,11052.1190886,2532757.11743,2506
1554,6259.15896018,1511945.21128,2507
1555,2493.98303515,345534.393537,2508
1556,2654.63924028,391530.009887,2509
1557,5972.34120682,1225352.30919,2510
1558,13144.6823475,1942745.37813,2511
1559,3126.97804128,572970.015478,2512
1560,1798.36146055,180587.071575,2513
1561,1744.97998849,189961.767686,2514
1562,1640.21327579,167301.269593,2515
1563,1556.52934673,148374.068965,2516
1564,2493.04633172,345925.918761,2517
1565,2417.18373418,332545.619055,2518
1566,5594.18875503,937568.082089,2519
1567,2768.38436931,364259.98675,2520
1568,1418.6011916,108398.213602,2521
1569,2329.92926075,336804.059561,2522
1570,3059.08696739,571403.181638,2523
1571,6532.48165149,1576790.98978,2524
1572,9498.46631376,2595274.51174,2525
1573,3103.06884514,597737.71747,2526
1574,2997.98028809,551506.547896,2527
1575,2770.9259171,448372.810363,2528
1576,3368.20196746,697400.747918,2529
1577,2980.1519732,547038.751199,2530
1578,3123.14810803,604134.771941,2531
1579,9364.47552517,5042177.14651,2532
1580,3327.91325938,673746.504625,2533
1581,2940.17751424,525205.225378,2534
1582,3531.95346039,742036.01765,2535
1583,4123.8774632,960855.097902,2536
1584,2879.50374392,496571.762287,2537
1585,3398.56385697,720552.155524,2538
1586,10580.746545,5937337.60125,2539
1587,2468.66778799,325311.779237,2540
1588,2587.73939039,378703.190525,2541
1589,2816.5448384,484333.385993,2542
1590,4104.64730316,1036860.05346,2543
1591,4071.8015038,1030155.75866,2544
1592,2957.94031018,536918.89891,2545
1593,3147.79801279,620837.410863,2546
1594,4699.55441229,1177769.50094,2547
1595,3564.56782878,720719.127221,2548
1596,9656.38950022,2438210.89986,2549
1597,3757.75143007,545820.004731,2550
1598,6266.92468394,1933532.33367,2551
1599,6789.62841495,2526509.66964,2552
1600,11887.3167028,4708462.11349,2553
1601,4688.74745733,1023986.97929,2554
1602,4481.93214644,943674.221245,2555
1603,11233.2185312,2589055.85681,2556
1604,7163.55000383,986283.217089,2557
1605,6415.96004404,2145197.7919,2558
1606,3293.81786466,638466.016235,2559
1607,2859.36911378,421594.966546,2560
1608,3596.04444962,732454.551747,2561
1609,4178.82048505,1027202.22275,2562
1610,10235.4232844,2381992.46026,2563
1611,5376.21467402,1206098.80471,2564
1612,3393.69461912,436348.49467,2565
1613,3807.60518318,610188.740983,2566
1614,3995.68938518,879826.657807,2567
1615,4270.87271173,932648.436038,2568
1616,3436.5114716,743848.029076,2569
1617,5555.34793999,1168507.78939,2570
1618,2761.31547847,357311.636556,2571
1619,3783.99830449,596578.686631,2572
1620,4081.00716973,963765.669951,2573
1621,2891.88412503,427031.077623,2574
1622,5101.63779238,1518302.10895,2575
1623,5385.74437094,1705370.38799,2576
1624,6545.42427471,2651045.41928,2577
1625,4909.36380349,1363216.76856,2578
1626,3757.99905071,872381.366423,2579
1627,3760.18183896,876209.327401,2580
1628,3730.8171728,853779.728744,2581
1629,4494.07337257,1173513.14336,2582
1630,4232.18426134,1074681.66144,2583
1631,3818.55385107,905258.700641,2584
1632,3776.29997625,887361.485332,2585
1633,2967.61801039,469230.705146,2586
1634,3733.43689444,862699.296755,2587
1635,4243.99531594,1059493.60273,2588
1636,3924.66750709,918138.808892,2589
1637,3618.39256824,802271.537665,2590
1638,4374.51297793,1194058.01462,2591
1639,3647.40967281,819566.453358,2592
1640,4822.09238003,1301210.16644,2593
1641,4807.39318858,1064737.50111,2594
1642,3720.69819499,856470.018404,2595
1643,3703.6027059,846666.005976,2596
1644,3729.37453775,857204.673656,2597
1645,3715.37875507,832200.758042,2598
1646,3748.34806629,821419.268173,2599
1647,8220.79700417,2136603.27055,2600
1648,3888.68176641,940199.346198,2601
1649,8759.74303824,2302232.84446,2602
1650,5578.44453842,1869359.62036,2603
1651,5815.89924876,1450137.29311,2604
1652,5528.99583275,1422920.82457,2605
1653,9198.78740315,3443753.74519,2606
1654,17389.7255346,17143710.9912,2607
1655,5935.42687516,1179916.92095,2608
1656,4108.34168821,1072445.55015,2609
1657,6068.60270378,2001203.71786,2610
1658,5660.27355992,1882947.94408,2611
1659,12412.9084815,7080875.14631,2612
1660,11092.543417,5584953.11776,2613
1661,3592.34670496,786412.661908,2614
1662,19036.431661,22191654.7583,2615
1663,15195.0129501,14258890.2986,2616
1664,15252.1097444,6586262.01482,2617
1665,11875.0869479,4454431.51471,2618
1666,4469.69079013,1061270.95399,2619
1667,17867.394271,13184056.3502,2620
1668,25582.0398316,32499394.4022,2621
1669,34826.0296087,40445069.6507,2622
1670,9056.81757378,5070330.77422,2623
1671,8299.73853015,4261105.12308,2624
1672,22224.7969279,16363247.954,2625
1673,6162.90583617,2033661.01474,2626
1674,31342.9650502,53755785.1753,2627
1675,33809.7510608,39928540.343,2628
1676,26154.7182739,34031787.9112,2629
1677,6547.1089595,2033441.50875,2630
1678,30717.6376009,38946534.0888,2631
1679,14224.7503262,8213308.33785,2632
1680,12632.0399445,9876958.15918,2633
1681,22132.0081664,30654327.3573,2634
1682,22447.6301886,31568527.3982,2635
1683,30259.04308,38985432.7134,2636
1684,39559.9956094,72960779.0393,2637
1685,39280.8697195,90438009.1001,2638
1686,31649.5881364,43618581.9268,2639
1687,23570.6243877,30974837.2725,2640
1688,6032.51584178,1357062.75187,2641
1689,6714.46297836,1619035.33049,2642
1690,7853.07974773,2531825.70436,2643
1691,7907.18090244,3196770.67273,2644
1692,26617.980888,37030800.8268,2645
1693,10000.6721182,6084172.75627,2646
1694,10831.7697062,6236467.13222,2647
1695,11353.4264171,7366549.57519,2648
1696,14059.9982647,11849464.4957,2649
1697,13981.5103404,11435804.9864,2650
1698,16312.6102379,16172756.2321,2651
1699,18318.0855195,19888473.0513,2652
1700,26637.023082,35256980.2365,2653
1701,18575.1714175,20992840.6681,2654
1702,16192.7751106,16310582.7599,2655
1703,16533.2271362,17114083.5936,2656
1704,7226.93454445,2387664.66377,2658
1705,6927.91669853,3094638.64254,2659
1706,6419.35266374,2589474.80222,2660
1707,10087.9075176,5094304.78754,2661
1708,12579.1547089,6567290.10285,2662
1709,24711.1599234,37765562.7999,2663
1710,5700.72570548,1992720.35161,2664
1711,3497.14989644,760140.370438,2665
1712,3781.14727043,888744.509879,2666
1713,4882.37011526,1360805.5694,2667
1714,3719.20694908,851934.952691,2668
1715,5305.30227083,1444460.21585,2669
1716,5325.40307021,1460982.35663,2670
