taz_id,1991,1996,2001,2006,2011,2016
1,1211.0,888.0,1509.0,1142.0,893.0,718.0
2,696.0,784.0,1154.0,989.0,659.0,560.0
3,5274.0,6908.0,5618.0,6166.0,7136.0,7369.0
4,3192.0,2732.0,1987.0,2702.0,3830.0,3564.0
5,5180.0,4569.0,5537.0,4440.0,4223.0,4261.0
6,4458.0,4185.0,3589.0,4050.0,4706.0,4237.0
7,449.0,621.0,594.0,540.0,514.0,1029.0
8,474.0,1564.0,1405.0,1809.0,1845.0,2522.0
9,4837.0,2860.0,2292.0,3459.0,2687.0,3414.0
10,8608.0,7529.0,6235.0,7140.0,6316.0,7689.0
11,3580.0,5071.0,5057.0,4040.0,3582.0,3936.0
12,4375.0,4473.0,4437.0,4364.0,3862.0,3634.0
13,49.0,471.0,2795.0,755.0,1052.0,1054.0
14,5567.0,4996.0,3979.0,4898.0,4780.0,4156.0
15,772.0,405.0,319.0,519.0,678.0,514.0
16,1766.0,898.0,1700.0,1639.0,2223.0,1542.0
17,476.0,692.0,489.0,792.0,816.0,1034.0
18,3070.0,2442.0,1727.0,2287.0,2223.0,1235.0
19,161.0,334.0,437.0,499.0,797.0,479.0
20,187.0,561.0,1030.0,885.0,813.0,734.0
21,847.0,846.0,1115.0,1061.0,770.0,681.0
22,9164.0,8944.0,8542.0,9441.0,9409.0,8447.0
23,3320.0,1019.0,1364.0,801.0,1048.0,748.0
24,5577.0,3391.0,2402.0,2967.0,3981.0,2813.0
25,3043.0,3655.0,4168.0,2944.0,2253.0,2339.0
26,1481.0,1072.0,1353.0,1351.0,996.0,997.0
27,895.0,1580.0,1555.0,1621.0,1347.0,2134.0
28,4640.0,2949.0,3658.0,3420.0,3782.0,3066.0
29,276.0,1208.0,989.0,717.0,857.0,734.0
30,768.0,623.0,600.0,467.0,139.0,458.0
31,172.0,661.0,617.0,656.0,819.0,993.0
32,1214.0,872.0,787.0,911.0,1055.0,1051.0
33,1062.0,746.0,825.0,490.0,756.0,692.0
34,3013.0,4462.0,4286.0,5235.0,5508.0,7640.0
35,,161.0,538.0,303.0,416.0,376.0
36,298.0,649.0,794.0,729.0,919.0,589.0
37,482.0,1108.0,1542.0,1043.0,1339.0,1202.0
38,233.0,472.0,570.0,283.0,327.0,214.0
39,3682.0,2350.0,2282.0,1385.0,1877.0,1022.0
40,1309.0,2578.0,1952.0,1859.0,1842.0,1078.0
41,706.0,540.0,669.0,932.0,845.0,593.0
42,336.0,325.0,395.0,436.0,231.0,318.0
43,736.0,1336.0,1101.0,831.0,1006.0,996.0
44,1123.0,1189.0,1026.0,1250.0,941.0,926.0
45,793.0,350.0,383.0,403.0,697.0,399.0
46,1026.0,1363.0,1215.0,1255.0,1231.0,811.0
47,209.0,1267.0,1148.0,1472.0,1663.0,1246.0
48,7626.0,7757.0,8962.0,7922.0,6611.0,8021.0
49,4918.0,6436.0,5380.0,6012.0,6824.0,7025.0
50,2353.0,2178.0,3299.0,3036.0,3604.0,2340.0
51,2259.0,1717.0,2526.0,2742.0,2585.0,1991.0
52,258.0,2976.0,3066.0,2554.0,2633.0,1711.0
53,4010.0,3446.0,4297.0,3881.0,4999.0,5895.0
54,6309.0,5910.0,5595.0,7246.0,6732.0,6696.0
55,2905.0,2788.0,4773.0,4057.0,4721.0,4645.0
56,1996.0,2181.0,1702.0,1844.0,2390.0,2058.0
57,923.0,1117.0,1234.0,1002.0,771.0,594.0
58,233.0,180.0,362.0,360.0,435.0,391.0
59,2450.0,1078.0,1776.0,1468.0,1445.0,2465.0
60,4115.0,4048.0,4173.0,3814.0,2964.0,3002.0
61,2924.0,3913.0,4009.0,3646.0,4061.0,2840.0
62,2506.0,4145.0,3835.0,4322.0,3204.0,2787.0
63,4658.0,4252.0,2932.0,3261.0,3083.0,3257.0
64,3155.0,1284.0,2015.0,1286.0,1718.0,985.0
65,653.0,1239.0,1157.0,976.0,629.0,389.0
66,224.0,682.0,458.0,1207.0,701.0,601.0
67,1094.0,389.0,1003.0,919.0,1140.0,798.0
68,1050.0,1169.0,968.0,840.0,1186.0,728.0
69,1879.0,1957.0,1423.0,1513.0,2387.0,1895.0
70,1663.0,1985.0,2257.0,877.0,845.0,803.0
71,2747.0,2007.0,1426.0,1796.0,2642.0,2402.0
72,5187.0,4016.0,3354.0,4012.0,4819.0,3715.0
73,688.0,569.0,2693.0,1580.0,974.0,1071.0
74,1227.0,234.0,498.0,600.0,221.0,142.0
75,7384.0,5761.0,4411.0,4850.0,4030.0,3827.0
76,5601.0,5979.0,5373.0,5191.0,5524.0,5675.0
77,4754.0,7791.0,6417.0,7255.0,7190.0,8579.0
78,710.0,1252.0,1080.0,1286.0,1111.0,1175.0
79,2857.0,4356.0,3274.0,2603.0,2646.0,2083.0
80,332.0,898.0,1030.0,1090.0,933.0,1073.0
81,229.0,813.0,901.0,869.0,1411.0,2072.0
82,494.0,857.0,896.0,967.0,626.0,658.0
83,676.0,824.0,1192.0,1248.0,675.0,548.0
84,719.0,728.0,684.0,951.0,878.0,705.0
85,2548.0,2699.0,1921.0,2631.0,3138.0,3324.0
86,4624.0,3441.0,2354.0,2707.0,3005.0,1979.0
87,2304.0,4514.0,3919.0,3754.0,2983.0,3520.0
88,826.0,679.0,1377.0,809.0,789.0,476.0
89,1791.0,1231.0,1895.0,1353.0,1427.0,1404.0
90,258.0,552.0,467.0,319.0,568.0,430.0
91,1077.0,315.0,1946.0,634.0,570.0,381.0
92,2153.0,3685.0,3201.0,1638.0,1309.0,1260.0
93,46.0,323.0,691.0,511.0,314.0,297.0
94,601.0,1268.0,2194.0,1553.0,1680.0,1287.0
95,9919.0,11016.0,7540.0,10543.0,11714.0,11488.0
96,1339.0,2778.0,4263.0,4542.0,3893.0,4149.0
97,4568.0,3451.0,3231.0,3580.0,3261.0,3560.0
98,2982.0,4522.0,4589.0,5012.0,6533.0,5043.0
99,5180.0,2390.0,2661.0,3372.0,4035.0,7629.0
100,4430.0,2954.0,3406.0,2338.0,2077.0,1835.0
101,7327.0,7462.0,6504.0,7351.0,7780.0,7478.0
102,4471.0,3779.0,2232.0,5449.0,5193.0,4957.0
103,3353.0,3531.0,4916.0,4551.0,3637.0,4016.0
104,1832.0,1848.0,1656.0,1432.0,1236.0,1224.0
105,2608.0,1936.0,1564.0,1846.0,2132.0,1970.0
106,2605.0,2513.0,1857.0,2264.0,2406.0,2386.0
107,2729.0,2080.0,2330.0,3215.0,2764.0,2678.0
108,4978.0,5841.0,6975.0,6888.0,6839.0,7877.0
109,12414.0,9844.0,6908.0,9019.0,8574.0,9998.0
110,1732.0,3644.0,5304.0,4151.0,3408.0,3455.0
111,3025.0,2303.0,2426.0,2426.0,2748.0,3848.0
112,1809.0,1952.0,866.0,1036.0,1023.0,1215.0
113,3952.0,3709.0,2253.0,2216.0,2127.0,2993.0
114,625.0,753.0,537.0,691.0,353.0,449.0
115,317.0,499.0,796.0,716.0,445.0,297.0
116,236.0,344.0,299.0,282.0,269.0,517.0
117,1207.0,955.0,652.0,955.0,559.0,643.0
118,662.0,762.0,884.0,552.0,1141.0,734.0
119,1961.0,1670.0,1616.0,1549.0,1184.0,766.0
120,192.0,636.0,602.0,458.0,424.0,188.0
121,555.0,1010.0,1267.0,1314.0,1630.0,1723.0
122,1442.0,1320.0,1186.0,1318.0,1027.0,953.0
123,1804.0,1733.0,1689.0,1509.0,1873.0,1512.0
124,867.0,708.0,1635.0,2206.0,3112.0,1132.0
125,312.0,707.0,1217.0,1175.0,1211.0,914.0
126,1217.0,1870.0,1720.0,1555.0,1807.0,2028.0
127,665.0,360.0,414.0,439.0,273.0,542.0
128,473.0,1336.0,898.0,1216.0,1535.0,1196.0
129,199.0,81.0,238.0,405.0,215.0,606.0
130,518.0,218.0,249.0,1241.0,827.0,689.0
131,1230.0,1126.0,1293.0,1550.0,1741.0,1743.0
132,404.0,1162.0,872.0,738.0,847.0,377.0
133,1388.0,908.0,1012.0,735.0,924.0,965.0
134,372.0,954.0,694.0,362.0,633.0,219.0
135,1231.0,709.0,1601.0,815.0,667.0,628.0
136,3434.0,3298.0,1275.0,1296.0,2083.0,2072.0
137,1839.0,389.0,1558.0,852.0,1054.0,1064.0
138,2682.0,1804.0,770.0,1113.0,1166.0,1106.0
139,854.0,1530.0,1369.0,1324.0,1177.0,717.0
140,467.0,550.0,838.0,926.0,827.0,850.0
141,1119.0,1608.0,1122.0,916.0,1050.0,1517.0
142,291.0,756.0,804.0,903.0,540.0,1035.0
143,311.0,1494.0,1152.0,1400.0,2090.0,1520.0
144,2296.0,1769.0,2435.0,1361.0,1348.0,1145.0
145,1553.0,1757.0,1822.0,1450.0,1539.0,1660.0
146,829.0,1170.0,1752.0,1651.0,1849.0,1397.0
147,45.0,147.0,145.0,84.0,80.0,27.0
148,2630.0,3372.0,3242.0,3473.0,4642.0,4774.0
149,749.0,1094.0,1429.0,1260.0,1398.0,1216.0
150,1378.0,1513.0,1397.0,1672.0,2263.0,2344.0
151,956.0,898.0,1195.0,1197.0,1963.0,912.0
152,6121.0,7707.0,7616.0,7859.0,8180.0,10370.0
153,2765.0,2769.0,2509.0,2960.0,5761.0,6289.0
154,5775.0,5940.0,5864.0,6990.0,8872.0,8903.0
155,1287.0,897.0,852.0,1093.0,1396.0,1540.0
156,172.0,658.0,783.0,1231.0,1293.0,578.0
157,2888.0,1470.0,1138.0,1489.0,1036.0,1856.0
158,2083.0,2858.0,2829.0,3326.0,3873.0,2961.0
159,793.0,1191.0,1203.0,1071.0,1041.0,1752.0
160,1047.0,897.0,546.0,1055.0,688.0,998.0
161,95.0,824.0,685.0,1135.0,986.0,1066.0
162,1904.0,1697.0,1641.0,1547.0,1670.0,1321.0
163,1121.0,1114.0,1589.0,1150.0,1847.0,2237.0
164,679.0,769.0,1096.0,969.0,1447.0,1717.0
165,1692.0,1438.0,1441.0,1133.0,1270.0,1188.0
166,2504.0,2257.0,2354.0,2382.0,2853.0,2530.0
167,3284.0,3762.0,3761.0,3810.0,4266.0,3616.0
168,575.0,717.0,651.0,950.0,1032.0,1020.0
169,1388.0,1411.0,1650.0,772.0,1224.0,1627.0
170,627.0,878.0,1070.0,737.0,841.0,426.0
171,1549.0,1044.0,1181.0,1089.0,896.0,1207.0
172,712.0,788.0,741.0,956.0,1025.0,1061.0
173,3634.0,2490.0,2480.0,1922.0,2176.0,2555.0
174,1642.0,1296.0,1363.0,1025.0,832.0,923.0
175,579.0,780.0,715.0,850.0,692.0,734.0
176,3567.0,1585.0,1342.0,1564.0,2010.0,1364.0
177,1438.0,999.0,1279.0,1152.0,1201.0,871.0
178,1209.0,1105.0,941.0,1287.0,1165.0,1695.0
179,208.0,492.0,394.0,400.0,555.0,368.0
180,772.0,302.0,581.0,560.0,759.0,552.0
181,1247.0,1193.0,1230.0,1183.0,1097.0,1365.0
182,1525.0,2240.0,2461.0,2189.0,2419.0,2663.0
183,4334.0,2872.0,2890.0,3338.0,4443.0,3146.0
184,614.0,900.0,1171.0,1142.0,1032.0,832.0
185,1500.0,1257.0,1851.0,2015.0,2213.0,933.0
186,1050.0,750.0,1188.0,1563.0,1917.0,1572.0
187,3748.0,2364.0,2818.0,2485.0,2593.0,2222.0
188,6414.0,6503.0,6033.0,6364.0,6966.0,7644.0
189,832.0,1466.0,1883.0,1534.0,1298.0,1145.0
190,,806.0,701.0,1068.0,1389.0,1210.0
191,8690.0,2953.0,4394.0,3372.0,4003.0,3935.0
192,1426.0,6256.0,3906.0,5152.0,4767.0,6860.0
193,1275.0,1455.0,1797.0,1743.0,1866.0,2480.0
194,14405.0,17394.0,14085.0,14323.0,14783.0,13349.0
195,19705.0,9492.0,9886.0,8296.0,9742.0,13727.0
196,1856.0,1358.0,1879.0,1664.0,1984.0,1843.0
197,380.0,453.0,535.0,595.0,627.0,660.0
198,820.0,437.0,765.0,771.0,833.0,482.0
199,4778.0,4121.0,6636.0,6130.0,6103.0,7385.0
200,600.0,142.0,153.0,257.0,101.0,162.0
201,2089.0,1677.0,2330.0,1696.0,2204.0,1544.0
202,1248.0,1433.0,1062.0,2058.0,1994.0,1534.0
203,4784.0,3757.0,4160.0,5689.0,5392.0,4747.0
204,739.0,1710.0,2796.0,2158.0,2518.0,3467.0
205,4659.0,4338.0,5009.0,6692.0,8217.0,10230.0
206,2862.0,2285.0,3028.0,4413.0,6048.0,7037.0
207,645.0,,1251.0,471.0,677.0,1006.0
208,645.0,385.0,974.0,535.0,1172.0,827.0
209,601.0,820.0,800.0,626.0,1771.0,1655.0
210,2155.0,1789.0,1767.0,2449.0,2587.0,3486.0
211,6458.0,8692.0,9595.0,8685.0,12473.0,15276.0
212,2462.0,12458.0,12024.0,14665.0,23064.0,27802.0
213,6984.0,9064.0,10179.0,10612.0,14528.0,18386.0
214,7345.0,8412.0,10253.0,8963.0,12857.0,14355.0
215,11518.0,15577.0,14336.0,16554.0,18353.0,18807.0
216,7223.0,10964.0,5240.0,13057.0,13988.0,15898.0
217,3242.0,3081.0,10985.0,2444.0,3589.0,5068.0
218,3652.0,3391.0,6580.0,8779.0,6122.0,6277.0
219,12829.0,7102.0,7497.0,7018.0,9231.0,11094.0
220,19782.0,18086.0,15760.0,18809.0,22611.0,26404.0
221,6384.0,6252.0,7444.0,7876.0,7465.0,9475.0
222,35107.0,33689.0,34887.0,33561.0,46183.0,42532.0
223,35980.0,36965.0,37383.0,36266.0,40929.0,43346.0
224,6275.0,4657.0,6713.0,5930.0,11063.0,18792.0
225,952.0,3630.0,6624.0,6060.0,6604.0,5359.0
226,19624.0,19811.0,25627.0,21943.0,22845.0,20915.0
227,13299.0,17568.0,17450.0,15082.0,13569.0,23415.0
228,23718.0,19333.0,15754.0,16671.0,20375.0,21525.0
229,9902.0,7435.0,10520.0,9709.0,10358.0,14395.0
230,4741.0,2254.0,4021.0,4340.0,8152.0,4418.0
231,8189.0,7787.0,9777.0,5568.0,7801.0,7068.0
232,6144.0,6155.0,6523.0,6408.0,6240.0,4945.0
233,4425.0,3520.0,3086.0,3156.0,4193.0,3287.0
234,3380.0,1665.0,2182.0,2075.0,2768.0,3704.0
235,3156.0,845.0,1088.0,1316.0,1394.0,1259.0
236,7656.0,6088.0,7061.0,8410.0,10160.0,12672.0
237,8512.0,6800.0,8943.0,9650.0,14040.0,11901.0
238,13888.0,9610.0,13795.0,13947.0,18070.0,21589.0
239,5315.0,5393.0,8661.0,8600.0,7608.0,8124.0
240,2197.0,2676.0,2775.0,3121.0,3340.0,2627.0
241,4242.0,2741.0,3771.0,3583.0,3421.0,4618.0
242,1001.0,1583.0,663.0,1266.0,1340.0,1815.0
243,6464.0,7201.0,7310.0,7078.0,9241.0,9143.0
244,1069.0,972.0,1259.0,1168.0,1170.0,1503.0
245,3065.0,1848.0,1794.0,2050.0,1897.0,1604.0
246,1646.0,1551.0,1719.0,1712.0,2336.0,1738.0
247,8162.0,5568.0,5550.0,6460.0,8104.0,10125.0
248,337.0,425.0,518.0,524.0,728.0,335.0
249,1402.0,636.0,616.0,962.0,816.0,651.0
250,,213.0,538.0,298.0,277.0,457.0
251,1644.0,1420.0,1415.0,1498.0,1327.0,2195.0
252,2421.0,2282.0,2352.0,1680.0,2404.0,2705.0
253,1851.0,1952.0,2066.0,2562.0,3213.0,3686.0
254,804.0,1447.0,1939.0,1325.0,1290.0,1410.0
255,2011.0,1826.0,1831.0,1779.0,1978.0,1149.0
256,1795.0,1923.0,1828.0,2202.0,2582.0,1723.0
257,1600.0,1450.0,1274.0,1470.0,1451.0,1165.0
258,926.0,1067.0,1622.0,1178.0,1271.0,882.0
259,1324.0,1644.0,1581.0,1695.0,1587.0,1338.0
260,810.0,891.0,1227.0,1564.0,1202.0,1056.0
261,1562.0,760.0,905.0,957.0,893.0,1175.0
262,1552.0,812.0,936.0,918.0,1046.0,638.0
263,2043.0,1963.0,1976.0,1959.0,2570.0,2985.0
264,629.0,720.0,952.0,908.0,1008.0,573.0
265,1956.0,1146.0,1364.0,1867.0,2078.0,1812.0
266,199.0,420.0,532.0,695.0,779.0,903.0
267,2476.0,3175.0,3098.0,2462.0,2436.0,2008.0
268,3969.0,3224.0,3243.0,3447.0,4497.0,4475.0
269,117.0,1064.0,912.0,1113.0,1068.0,831.0
270,432.0,902.0,899.0,1098.0,1240.0,1001.0
271,23.0,508.0,456.0,534.0,639.0,501.0
272,,168.0,282.0,265.0,466.0,233.0
273,2235.0,2521.0,2388.0,3357.0,3374.0,2585.0
274,1646.0,2161.0,2293.0,2151.0,2323.0,2069.0
275,480.0,1089.0,1414.0,1275.0,1333.0,1336.0
276,625.0,351.0,712.0,577.0,500.0,593.0
277,2386.0,2683.0,2281.0,2078.0,2730.0,2711.0
278,1107.0,1039.0,1048.0,1642.0,1444.0,1086.0
279,892.0,1033.0,963.0,1276.0,904.0,964.0
280,179.0,476.0,234.0,306.0,490.0,523.0
281,404.0,509.0,828.0,660.0,567.0,491.0
282,2091.0,1586.0,1531.0,1846.0,1456.0,1727.0
283,1909.0,2462.0,2096.0,2195.0,2875.0,2090.0
284,7217.0,6493.0,5741.0,5829.0,6659.0,7689.0
285,13450.0,8076.0,9435.0,7991.0,8191.0,8977.0
286,5516.0,9881.0,8757.0,8170.0,8861.0,8074.0
287,2330.0,4323.0,5788.0,5338.0,5952.0,5733.0
288,4598.0,3251.0,2835.0,3546.0,2878.0,3263.0
289,828.0,1546.0,2122.0,2355.0,2067.0,1954.0
290,364.0,636.0,1168.0,808.0,636.0,642.0
291,402.0,1170.0,1316.0,1342.0,1896.0,1065.0
292,750.0,968.0,2387.0,1759.0,1627.0,1276.0
293,2675.0,2638.0,1819.0,2769.0,2262.0,1938.0
294,859.0,1470.0,1381.0,1603.0,1993.0,2847.0
295,2559.0,4784.0,4777.0,6001.0,7939.0,7096.0
296,1640.0,1899.0,2539.0,1610.0,1334.0,1914.0
297,869.0,865.0,1201.0,1421.0,2025.0,1728.0
298,1476.0,1109.0,2062.0,1433.0,1157.0,960.0
299,3693.0,3128.0,4040.0,4043.0,5009.0,4862.0
300,3067.0,4558.0,3801.0,2976.0,4315.0,6363.0
301,120.0,890.0,934.0,485.0,865.0,1048.0
302,870.0,1223.0,1341.0,1892.0,2242.0,1857.0
303,6668.0,6368.0,6774.0,8335.0,10182.0,11706.0
304,513.0,526.0,1227.0,1050.0,948.0,588.0
305,700.0,490.0,1335.0,906.0,1282.0,1203.0
306,944.0,1280.0,1869.0,1457.0,1292.0,1029.0
307,11878.0,12414.0,11421.0,11835.0,14724.0,14433.0
308,643.0,564.0,883.0,743.0,1145.0,583.0
309,3537.0,3930.0,5097.0,4919.0,6853.0,6692.0
310,790.0,585.0,651.0,915.0,899.0,571.0
311,1672.0,4480.0,4728.0,4572.0,5725.0,5523.0
312,676.0,374.0,921.0,1022.0,912.0,1014.0
313,2071.0,1831.0,2468.0,1948.0,1597.0,1763.0
314,566.0,545.0,599.0,810.0,760.0,886.0
315,893.0,922.0,1441.0,1244.0,846.0,774.0
316,1362.0,795.0,867.0,762.0,738.0,570.0
317,3425.0,1879.0,2549.0,1961.0,1645.0,2151.0
318,1068.0,977.0,858.0,907.0,1198.0,1316.0
319,3267.0,1809.0,3162.0,3236.0,2944.0,2904.0
320,6134.0,5648.0,6808.0,8456.0,9249.0,9776.0
321,461.0,383.0,506.0,372.0,790.0,593.0
322,76.0,837.0,1281.0,1290.0,1634.0,957.0
323,4300.0,2869.0,5143.0,4891.0,6255.0,4731.0
324,4474.0,6388.0,6357.0,7210.0,9667.0,9396.0
325,809.0,575.0,533.0,510.0,519.0,270.0
326,1242.0,829.0,448.0,631.0,743.0,474.0
327,773.0,633.0,957.0,1667.0,1742.0,1107.0
328,959.0,227.0,384.0,542.0,709.0,748.0
329,115.0,308.0,532.0,595.0,774.0,360.0
330,2253.0,932.0,1080.0,1195.0,775.0,643.0
331,2461.0,1689.0,3080.0,1650.0,1267.0,1188.0
332,204.0,283.0,640.0,480.0,356.0,297.0
333,824.0,1446.0,825.0,1409.0,1024.0,956.0
334,669.0,1424.0,2311.0,964.0,1060.0,786.0
335,6816.0,7254.0,6614.0,7031.0,6367.0,8011.0
336,2681.0,1840.0,1437.0,2185.0,1797.0,2405.0
337,249.0,372.0,658.0,527.0,342.0,526.0
338,4301.0,4429.0,3946.0,4550.0,4563.0,4314.0
339,614.0,248.0,1055.0,807.0,574.0,713.0
340,15299.0,13884.0,10136.0,11174.0,13935.0,17794.0
341,1551.0,1027.0,2168.0,2020.0,1729.0,935.0
342,783.0,722.0,1081.0,700.0,767.0,573.0
343,762.0,956.0,916.0,603.0,485.0,169.0
344,1270.0,1140.0,1121.0,803.0,1203.0,1043.0
345,8833.0,7828.0,8945.0,6859.0,7883.0,7991.0
346,12606.0,11067.0,10073.0,9407.0,8778.0,7842.0
347,11535.0,6248.0,9210.0,7034.0,6836.0,4987.0
348,11162.0,9223.0,8543.0,8160.0,10336.0,11339.0
349,4129.0,3309.0,3178.0,3177.0,3894.0,3768.0
350,1113.0,431.0,394.0,781.0,533.0,439.0
351,2546.0,1864.0,2467.0,2892.0,3028.0,2997.0
352,1361.0,2227.0,1916.0,2025.0,2324.0,2249.0
353,611.0,733.0,510.0,724.0,365.0,750.0
354,618.0,1434.0,1203.0,857.0,591.0,735.0
355,227.0,557.0,425.0,326.0,494.0,306.0
356,501.0,809.0,956.0,1367.0,731.0,992.0
357,1465.0,1698.0,1902.0,1595.0,2536.0,1471.0
358,2923.0,2114.0,1840.0,1966.0,1879.0,1554.0
359,2456.0,2072.0,2236.0,2627.0,2698.0,2539.0
360,1240.0,475.0,311.0,321.0,382.0,756.0
361,1006.0,1123.0,970.0,1325.0,996.0,1347.0
362,1219.0,1362.0,1749.0,1524.0,1889.0,1795.0
363,1223.0,845.0,1601.0,1009.0,1457.0,1053.0
364,1889.0,1490.0,1248.0,1616.0,1860.0,1410.0
365,166.0,254.0,304.0,352.0,657.0,361.0
366,1841.0,1264.0,1896.0,1623.0,1642.0,1514.0
367,1696.0,2150.0,2109.0,1625.0,1853.0,2122.0
368,2025.0,2435.0,2950.0,2417.0,2042.0,2280.0
369,384.0,722.0,798.0,686.0,589.0,928.0
370,1342.0,1292.0,1645.0,1592.0,1917.0,1733.0
371,3999.0,2986.0,6801.0,5695.0,5332.0,5144.0
372,1819.0,1712.0,1635.0,1983.0,1676.0,1357.0
373,2868.0,1696.0,2256.0,1967.0,2145.0,1688.0
374,1225.0,742.0,2454.0,2733.0,1537.0,1699.0
375,3579.0,6207.0,4173.0,5043.0,5802.0,6068.0
376,969.0,870.0,1214.0,864.0,811.0,397.0
377,1623.0,1817.0,1441.0,1431.0,1845.0,1593.0
378,1864.0,1045.0,1259.0,598.0,443.0,334.0
379,666.0,1471.0,2835.0,2601.0,2530.0,1932.0
380,27.0,369.0,1735.0,1983.0,1337.0,1056.0
381,1310.0,405.0,543.0,660.0,363.0,249.0
382,980.0,1384.0,1135.0,1177.0,973.0,935.0
383,1065.0,2676.0,1620.0,2019.0,1815.0,1399.0
384,1406.0,973.0,1244.0,1688.0,1545.0,1402.0
385,388.0,925.0,1588.0,1471.0,858.0,573.0
386,1546.0,1345.0,1264.0,1192.0,927.0,1267.0
387,340.0,624.0,783.0,873.0,885.0,365.0
388,768.0,745.0,828.0,844.0,1046.0,872.0
389,3279.0,1776.0,3535.0,1832.0,1821.0,1567.0
390,2363.0,1695.0,1989.0,2144.0,1719.0,1522.0
391,8672.0,5177.0,4797.0,4753.0,5245.0,6137.0
392,3405.0,4035.0,4955.0,5719.0,7077.0,7164.0
393,1377.0,755.0,1753.0,1617.0,1580.0,686.0
394,11000.0,6237.0,4864.0,5683.0,5525.0,6365.0
395,,157.0,420.0,392.0,209.0,734.0
396,3154.0,2111.0,2687.0,2245.0,2253.0,1967.0
397,770.0,1005.0,1530.0,1322.0,1644.0,1725.0
398,1606.0,1361.0,1277.0,1699.0,1127.0,1014.0
399,1219.0,1536.0,1827.0,1163.0,1385.0,1460.0
400,7389.0,5115.0,5082.0,4997.0,6045.0,6603.0
401,935.0,1338.0,1538.0,890.0,686.0,667.0
402,833.0,780.0,570.0,801.0,873.0,1288.0
403,1039.0,820.0,933.0,778.0,1064.0,856.0
404,795.0,831.0,833.0,936.0,767.0,786.0
405,229.0,161.0,572.0,270.0,433.0,193.0
406,496.0,924.0,1037.0,1162.0,926.0,1099.0
407,306.0,1055.0,1195.0,1323.0,1390.0,1113.0
408,754.0,371.0,539.0,759.0,755.0,471.0
409,407.0,743.0,587.0,463.0,832.0,541.0
410,3223.0,2025.0,2643.0,1936.0,1332.0,1360.0
411,616.0,1183.0,1743.0,1485.0,1215.0,971.0
412,644.0,369.0,1790.0,1418.0,1081.0,880.0
413,2474.0,1668.0,1057.0,1083.0,689.0,779.0
414,3356.0,2630.0,3269.0,3337.0,3304.0,2802.0
415,2731.0,1184.0,2337.0,2689.0,2322.0,2256.0
416,6556.0,4060.0,5551.0,5069.0,5242.0,4800.0
417,1609.0,2738.0,2432.0,3163.0,3022.0,2325.0
418,289.0,2606.0,1590.0,1195.0,974.0,778.0
419,1400.0,1895.0,1504.0,1345.0,1956.0,1504.0
420,604.0,1153.0,833.0,808.0,761.0,1167.0
421,1696.0,1211.0,1304.0,1150.0,1187.0,818.0
422,109.0,419.0,594.0,560.0,398.0,799.0
423,1483.0,674.0,995.0,741.0,814.0,650.0
424,2429.0,3347.0,2786.0,3093.0,3033.0,2928.0
425,9521.0,10346.0,8672.0,9431.0,10358.0,10878.0
426,6623.0,8923.0,6591.0,7056.0,8075.0,8798.0
427,1028.0,475.0,1146.0,921.0,1053.0,774.0
428,1227.0,1231.0,1241.0,1279.0,1643.0,1765.0
429,1695.0,1394.0,904.0,830.0,823.0,703.0
430,4508.0,2496.0,5030.0,4687.0,4232.0,3566.0
431,9325.0,8658.0,8081.0,7209.0,7827.0,7992.0
432,2098.0,3273.0,3357.0,3469.0,4026.0,4319.0
433,1186.0,1044.0,1900.0,1631.0,1448.0,1188.0
434,1010.0,123.0,594.0,395.0,250.0,397.0
435,869.0,366.0,949.0,909.0,651.0,458.0
436,4621.0,5314.0,4335.0,4741.0,4520.0,4092.0
437,350.0,1389.0,2123.0,1992.0,1639.0,2446.0
438,3226.0,3038.0,3517.0,3283.0,2908.0,2271.0
439,2666.0,1977.0,2691.0,2214.0,1930.0,2167.0
440,4113.0,3762.0,4267.0,3722.0,5055.0,5218.0
441,1352.0,1317.0,1711.0,1965.0,1794.0,1158.0
442,79.0,271.0,360.0,487.0,403.0,293.0
443,,20.0,15.0,19.0,85.0,26.0
444,,,16.0,35.0,72.0,70.0
445,542.0,463.0,269.0,540.0,414.0,711.0
446,1897.0,2945.0,2153.0,2245.0,2971.0,3365.0
447,46.0,276.0,185.0,355.0,563.0,343.0
448,460.0,468.0,825.0,783.0,750.0,753.0
449,946.0,1603.0,1326.0,1066.0,1608.0,1092.0
450,1726.0,885.0,1764.0,1727.0,2340.0,3153.0
451,1239.0,1014.0,1460.0,847.0,1054.0,1227.0
452,790.0,735.0,994.0,767.0,865.0,847.0
453,,272.0,201.0,234.0,151.0,339.0
454,393.0,198.0,364.0,193.0,328.0,358.0
455,1260.0,812.0,742.0,1046.0,1193.0,945.0
456,3836.0,2385.0,1749.0,2138.0,1926.0,1659.0
457,1762.0,3143.0,2574.0,1663.0,1829.0,1609.0
458,1118.0,1317.0,2013.0,1714.0,1702.0,1612.0
459,1059.0,1099.0,835.0,1306.0,1668.0,1609.0
460,1026.0,893.0,844.0,1734.0,2724.0,3322.0
461,159.0,414.0,524.0,419.0,291.0,295.0
462,567.0,722.0,644.0,716.0,670.0,783.0
463,925.0,552.0,1033.0,576.0,1049.0,905.0
464,1754.0,864.0,1092.0,1362.0,1136.0,858.0
465,1642.0,739.0,1047.0,1170.0,1102.0,546.0
466,930.0,730.0,851.0,482.0,779.0,864.0
467,1356.0,723.0,3831.0,1496.0,1352.0,1405.0
468,8678.0,7622.0,8042.0,9435.0,11476.0,11640.0
469,3996.0,3771.0,4278.0,4418.0,3923.0,3523.0
470,1070.0,2459.0,2382.0,2333.0,2439.0,1793.0
471,789.0,717.0,1461.0,1269.0,1501.0,1185.0
472,990.0,1660.0,2425.0,2344.0,2873.0,3702.0
473,3447.0,960.0,1539.0,1464.0,1517.0,1409.0
474,407.0,264.0,360.0,435.0,491.0,224.0
475,998.0,1333.0,1913.0,1754.0,1246.0,916.0
476,4841.0,2863.0,1980.0,3444.0,4048.0,4106.0
477,637.0,1015.0,310.0,493.0,618.0,653.0
478,2596.0,2459.0,2075.0,2051.0,1566.0,2232.0
479,25.0,285.0,114.0,249.0,139.0,274.0
480,2845.0,2554.0,2587.0,3281.0,4555.0,4820.0
481,,181.0,161.0,224.0,408.0,154.0
501,91.0,146.0,261.0,90.0,214.0,138.0
502,69.0,136.0,316.0,226.0,177.0,154.0
503,224.0,90.0,260.0,371.0,346.0,558.0
504,46.0,164.0,18.0,44.0,,
505,,22.0,14.0,17.0,,
506,26.0,60.0,69.0,,87.0,
507,,,34.0,23.0,,44.0
508,,,,,,
509,132.0,,16.0,,18.0,
510,,,,25.0,22.0,
511,23.0,58.0,93.0,57.0,89.0,27.0
512,,22.0,62.0,,,
513,23.0,22.0,20.0,15.0,,
514,23.0,,,,22.0,
515,23.0,122.0,66.0,60.0,78.0,101.0
516,,39.0,,22.0,51.0,
517,,,42.0,18.0,50.0,47.0
518,26.0,110.0,,23.0,43.0,20.0
519,181.0,,34.0,16.0,,
520,26.0,20.0,,40.0,47.0,
521,,18.0,,,84.0,
522,,,,,,
523,,,,,18.0,
524,18.0,,16.0,105.0,64.0,115.0
525,244.0,18.0,36.0,21.0,154.0,199.0
526,,,58.0,70.0,73.0,21.0
527,201.0,79.0,157.0,145.0,194.0,231.0
528,808.0,341.0,481.0,425.0,371.0,600.0
529,469.0,278.0,344.0,245.0,476.0,426.0
530,64.0,153.0,348.0,431.0,230.0,755.0
531,69.0,209.0,241.0,379.0,236.0,285.0
532,283.0,464.0,624.0,1065.0,1599.0,929.0
533,946.0,756.0,887.0,1024.0,925.0,658.0
534,2383.0,1347.0,2574.0,1597.0,2220.0,1437.0
535,6578.0,5675.0,4203.0,4230.0,4728.0,5549.0
536,46.0,383.0,857.0,1639.0,1941.0,1658.0
537,2045.0,2425.0,2861.0,3062.0,2625.0,2193.0
538,722.0,624.0,1135.0,1377.0,1331.0,1374.0
539,131.0,1058.0,998.0,1052.0,614.0,403.0
540,152.0,255.0,653.0,360.0,318.0,381.0
541,2021.0,2489.0,2505.0,1591.0,1510.0,915.0
542,1870.0,1772.0,4467.0,2533.0,3205.0,3027.0
543,667.0,573.0,566.0,1110.0,1443.0,251.0
544,2182.0,2520.0,1852.0,3457.0,3310.0,4328.0
545,3290.0,2756.0,4191.0,5878.0,5647.0,5419.0
546,,22.0,,45.0,,97.0
547,,24.0,72.0,129.0,175.0,185.0
548,,65.0,211.0,259.0,106.0,241.0
549,,,,,22.0,96.0
550,22.0,41.0,18.0,22.0,30.0,
551,148.0,81.0,,620.0,711.0,633.0
552,,67.0,123.0,618.0,922.0,850.0
553,,,18.0,42.0,413.0,899.0
554,,64.0,,74.0,482.0,619.0
555,26.0,,,,49.0,11.0
556,,,20.0,22.0,24.0,258.0
557,,25.0,,,19.0,29.0
558,167.0,578.0,663.0,723.0,806.0,726.0
559,645.0,1145.0,1301.0,1117.0,1050.0,1041.0
560,619.0,1115.0,1658.0,1823.0,1851.0,1432.0
561,,516.0,1136.0,1369.0,1806.0,1978.0
562,,38.0,50.0,923.0,1350.0,1138.0
563,,,68.0,148.0,49.0,53.0
564,26.0,160.0,169.0,328.0,529.0,462.0
565,171.0,235.0,409.0,277.0,256.0,278.0
566,1768.0,1650.0,2227.0,1809.0,1708.0,908.0
567,26.0,196.0,180.0,329.0,534.0,719.0
568,,19.0,56.0,67.0,27.0,
569,4976.0,6134.0,5872.0,5157.0,5497.0,4514.0
570,,,182.0,42.0,1647.0,1590.0
571,,,36.0,49.0,161.0,134.0
572,1831.0,1361.0,2223.0,2371.0,2140.0,2410.0
573,4825.0,5487.0,4170.0,5379.0,4842.0,5403.0
574,93.0,183.0,236.0,600.0,709.0,902.0
575,,,70.0,77.0,71.0,94.0
576,23.0,196.0,194.0,176.0,274.0,303.0
577,42.0,77.0,41.0,47.0,110.0,109.0
578,23.0,,92.0,53.0,67.0,46.0
579,23.0,,52.0,39.0,107.0,43.0
580,68.0,18.0,20.0,67.0,52.0,63.0
581,,,,,,
582,,40.0,,41.0,,66.0
583,1034.0,777.0,878.0,1690.0,2461.0,2283.0
584,,64.0,16.0,201.0,404.0,556.0
585,155.0,24.0,32.0,37.0,34.0,
586,,15.0,20.0,44.0,49.0,23.0
587,23.0,,36.0,20.0,32.0,31.0
588,,40.0,16.0,20.0,42.0,13.0
589,23.0,,,58.0,,14.0
590,,77.0,78.0,513.0,19.0,112.0
591,,122.0,172.0,680.0,1411.0,767.0
592,145.0,647.0,675.0,2026.0,2004.0,3382.0
593,201.0,59.0,55.0,362.0,789.0,666.0
594,,,,42.0,27.0,
595,22.0,,189.0,218.0,501.0,931.0
596,23.0,297.0,236.0,660.0,745.0,754.0
597,203.0,369.0,764.0,840.0,889.0,1037.0
598,611.0,965.0,1298.0,1140.0,1027.0,844.0
599,201.0,237.0,422.0,670.0,1379.0,776.0
600,198.0,21.0,50.0,21.0,33.0,70.0
601,468.0,441.0,694.0,771.0,1158.0,1112.0
602,1044.0,1492.0,1351.0,1479.0,1447.0,1496.0
603,1044.0,1533.0,1427.0,2442.0,1380.0,2965.0
604,1731.0,1580.0,2034.0,1559.0,2064.0,1661.0
605,167.0,787.0,1820.0,874.0,1560.0,880.0
606,,58.0,61.0,158.0,107.0,209.0
607,587.0,387.0,594.0,531.0,382.0,352.0
608,774.0,1263.0,897.0,1315.0,1085.0,853.0
609,856.0,1047.0,1533.0,1500.0,1573.0,1299.0
610,2078.0,840.0,1346.0,1279.0,1340.0,1091.0
611,1466.0,2140.0,1285.0,2108.0,1763.0,1351.0
612,3223.0,2055.0,2592.0,2458.0,2858.0,3160.0
613,117.0,611.0,745.0,659.0,693.0,818.0
614,,,,82.0,31.0,
615,,119.0,47.0,621.0,446.0,795.0
616,793.0,557.0,730.0,164.0,231.0,348.0
617,23.0,19.0,34.0,38.0,,
618,475.0,1038.0,1340.0,1340.0,1340.0,1871.0
619,2611.0,2619.0,2593.0,3358.0,3336.0,3379.0
620,1205.0,2896.0,1914.0,3197.0,2925.0,3074.0
621,419.0,108.0,57.0,152.0,132.0,202.0
622,23.0,18.0,185.0,131.0,196.0,127.0
623,,,,19.0,29.0,
624,123.0,,56.0,51.0,,59.0
625,,20.0,38.0,26.0,113.0,117.0
626,,,,,,
627,155.0,,31.0,19.0,,24.0
628,,41.0,18.0,,,
629,,18.0,,47.0,,21.0
630,,,48.0,86.0,54.0,32.0
631,,,17.0,57.0,,14.0
632,,43.0,,42.0,24.0,43.0
633,,110.0,188.0,122.0,181.0,258.0
634,,42.0,,,,
635,,,,,51.0,25.0
636,,86.0,71.0,262.0,347.0,99.0
637,952.0,1144.0,1499.0,2360.0,2933.0,4260.0
638,355.0,380.0,634.0,1136.0,1784.0,1801.0
639,,,298.0,1086.0,1960.0,1350.0
640,201.0,92.0,110.0,145.0,132.0,116.0
641,,141.0,112.0,181.0,485.0,723.0
642,424.0,518.0,551.0,448.0,380.0,333.0
643,1391.0,2335.0,2129.0,2119.0,2756.0,2039.0
644,1555.0,1277.0,1254.0,2061.0,1576.0,1436.0
645,47.0,120.0,229.0,372.0,678.0,1527.0
646,1793.0,924.0,1192.0,1027.0,721.0,618.0
647,1417.0,1616.0,2624.0,1492.0,1587.0,1346.0
648,3596.0,3782.0,2859.0,2917.0,4099.0,4540.0
649,7087.0,5671.0,5743.0,3521.0,3833.0,3629.0
650,327.0,495.0,791.0,769.0,954.0,619.0
651,1076.0,543.0,1635.0,532.0,683.0,370.0
652,563.0,736.0,1145.0,816.0,1722.0,1686.0
653,690.0,955.0,835.0,814.0,1097.0,1032.0
654,2845.0,3605.0,2564.0,3570.0,2952.0,3195.0
655,816.0,952.0,1073.0,1557.0,1362.0,824.0
656,5562.0,3921.0,4110.0,5237.0,4523.0,4929.0
657,1397.0,1042.0,869.0,767.0,886.0,1060.0
658,616.0,603.0,762.0,607.0,526.0,453.0
659,531.0,162.0,258.0,223.0,715.0,921.0
660,73.0,205.0,700.0,497.0,675.0,296.0
661,830.0,1015.0,549.0,761.0,323.0,275.0
662,621.0,314.0,548.0,244.0,410.0,347.0
663,287.0,584.0,440.0,543.0,540.0,598.0
664,16212.0,14827.0,11318.0,13639.0,7538.0,5359.0
665,426.0,864.0,670.0,552.0,384.0,432.0
666,1679.0,2386.0,2529.0,2791.0,2084.0,1948.0
667,231.0,322.0,263.0,429.0,498.0,582.0
668,753.0,657.0,595.0,461.0,592.0,679.0
669,1503.0,1862.0,1476.0,2312.0,1748.0,1952.0
670,409.0,668.0,488.0,1886.0,2405.0,2214.0
671,28.0,109.0,40.0,136.0,86.0,273.0
672,158.0,66.0,58.0,128.0,98.0,23.0
673,113.0,137.0,213.0,48.0,114.0,61.0
674,28.0,64.0,90.0,88.0,214.0,171.0
675,,64.0,19.0,35.0,47.0,14.0
676,188.0,163.0,490.0,382.0,332.0,277.0
677,18.0,,59.0,96.0,82.0,87.0
678,103.0,39.0,20.0,121.0,92.0,65.0
679,75.0,,20.0,,47.0,
680,51.0,87.0,150.0,98.0,309.0,157.0
681,,175.0,157.0,65.0,169.0,54.0
682,142.0,438.0,547.0,553.0,564.0,1071.0
683,121.0,434.0,291.0,390.0,252.0,463.0
684,,,19.0,60.0,74.0,20.0
685,199.0,598.0,598.0,722.0,651.0,897.0
686,178.0,,376.0,426.0,212.0,597.0
687,85.0,46.0,1007.0,58.0,128.0,97.0
688,250.0,241.0,258.0,335.0,305.0,538.0
689,,,,20.0,,58.0
690,170.0,202.0,220.0,128.0,107.0,387.0
691,47.0,23.0,520.0,573.0,870.0,1158.0
692,233.0,583.0,851.0,1772.0,1525.0,1951.0
693,2497.0,1562.0,1884.0,2328.0,2442.0,3469.0
694,193.0,22.0,37.0,39.0,12.0,133.0
695,,,,,19.0,
696,94.0,178.0,437.0,564.0,758.0,726.0
697,,40.0,74.0,140.0,314.0,176.0
698,1150.0,1476.0,930.0,1033.0,1261.0,833.0
699,173.0,884.0,715.0,939.0,1063.0,913.0
700,156.0,22.0,,16.0,95.0,55.0
701,210.0,363.0,487.0,364.0,505.0,309.0
702,850.0,721.0,1084.0,867.0,780.0,979.0
703,888.0,995.0,768.0,1088.0,961.0,1097.0
704,246.0,565.0,365.0,666.0,370.0,657.0
705,,38.0,59.0,60.0,55.0,61.0
706,396.0,84.0,89.0,57.0,19.0,3.0
707,199.0,204.0,236.0,483.0,423.0,234.0
708,18.0,81.0,147.0,84.0,29.0,84.0
709,,35.0,,,,35.0
710,18.0,41.0,57.0,24.0,,25.0
711,,58.0,19.0,33.0,12.0,
712,23.0,24.0,,,141.0,10.0
713,108.0,32.0,36.0,82.0,43.0,12.0
714,45.0,96.0,80.0,198.0,43.0,136.0
715,127.0,155.0,179.0,69.0,102.0,144.0
716,318.0,352.0,349.0,241.0,472.0,274.0
717,389.0,386.0,188.0,405.0,557.0,629.0
718,42.0,63.0,59.0,16.0,85.0,64.0
719,105.0,44.0,73.0,,55.0,76.0
720,21.0,92.0,40.0,75.0,159.0,158.0
721,601.0,567.0,956.0,698.0,1012.0,1197.0
722,102.0,112.0,131.0,161.0,145.0,249.0
723,219.0,,55.0,18.0,215.0,68.0
724,197.0,44.0,111.0,151.0,87.0,23.0
725,129.0,36.0,,,19.0,107.0
726,161.0,18.0,87.0,110.0,49.0,129.0
727,257.0,249.0,392.0,453.0,265.0,117.0
728,722.0,82.0,298.0,362.0,427.0,237.0
729,846.0,1127.0,1453.0,1215.0,1732.0,1767.0
730,1190.0,1038.0,1135.0,1545.0,1723.0,1426.0
731,234.0,260.0,498.0,353.0,670.0,241.0
732,42.0,307.0,429.0,655.0,525.0,627.0
733,18.0,135.0,143.0,69.0,434.0,252.0
734,117.0,275.0,936.0,1203.0,1260.0,1053.0
735,117.0,166.0,220.0,163.0,196.0,87.0
736,257.0,159.0,157.0,115.0,252.0,140.0
737,351.0,389.0,146.0,252.0,239.0,171.0
738,,24.0,223.0,71.0,32.0,30.0
739,,422.0,169.0,204.0,135.0,199.0
740,164.0,119.0,231.0,123.0,188.0,170.0
741,64.0,202.0,74.0,94.0,177.0,54.0
742,104.0,233.0,103.0,126.0,447.0,457.0
743,821.0,158.0,122.0,236.0,209.0,213.0
744,150.0,113.0,517.0,451.0,752.0,1166.0
745,243.0,242.0,196.0,276.0,527.0,520.0
746,,,87.0,,22.0,37.0
747,38.0,96.0,178.0,208.0,130.0,61.0
748,1750.0,1069.0,1025.0,1235.0,845.0,960.0
749,1929.0,1923.0,2103.0,2226.0,3348.0,2944.0
750,38.0,46.0,155.0,163.0,192.0,217.0
751,254.0,75.0,70.0,195.0,331.0,332.0
752,19.0,,93.0,174.0,310.0,166.0
754,264.0,128.0,40.0,122.0,162.0,245.0
755,23.0,115.0,46.0,64.0,198.0,334.0
756,1074.0,782.0,760.0,1251.0,917.0,550.0
757,123.0,55.0,79.0,146.0,35.0,106.0
758,,55.0,40.0,73.0,91.0,
759,312.0,311.0,277.0,378.0,574.0,433.0
760,,18.0,99.0,231.0,249.0,40.0
761,116.0,433.0,618.0,782.0,706.0,842.0
762,410.0,363.0,301.0,92.0,318.0,309.0
763,23.0,133.0,159.0,268.0,454.0,306.0
764,,178.0,99.0,59.0,134.0,58.0
765,290.0,132.0,116.0,259.0,172.0,271.0
1001,48.0,201.0,246.0,278.0,510.0,90.0
1002,,80.0,776.0,1033.0,2161.0,3468.0
1003,314.0,326.0,432.0,964.0,3991.0,5975.0
1004,70.0,127.0,330.0,462.0,791.0,1542.0
1005,70.0,38.0,282.0,163.0,367.0,803.0
1006,44.0,19.0,53.0,77.0,73.0,34.0
1007,22.0,44.0,38.0,147.0,123.0,247.0
1008,43.0,108.0,72.0,98.0,219.0,192.0
1009,413.0,39.0,360.0,441.0,184.0,86.0
1010,65.0,42.0,100.0,56.0,125.0,64.0
1011,,39.0,58.0,171.0,33.0,247.0
1012,22.0,42.0,72.0,21.0,20.0,74.0
1013,22.0,295.0,206.0,346.0,432.0,175.0
1014,158.0,114.0,171.0,187.0,112.0,309.0
1015,22.0,241.0,269.0,309.0,316.0,269.0
1016,22.0,87.0,582.0,1078.0,1366.0,1193.0
1017,44.0,19.0,305.0,477.0,306.0,318.0
1018,,124.0,138.0,327.0,363.0,219.0
1019,91.0,239.0,361.0,410.0,432.0,351.0
1020,174.0,289.0,262.0,318.0,308.0,319.0
1021,946.0,567.0,831.0,941.0,903.0,1626.0
1022,265.0,918.0,1323.0,1283.0,1138.0,1314.0
1023,1026.0,1480.0,1538.0,744.0,800.0,634.0
1024,939.0,1603.0,2251.0,2492.0,2793.0,2501.0
1025,355.0,1012.0,1235.0,1038.0,1208.0,1277.0
1026,110.0,296.0,552.0,347.0,330.0,221.0
1027,784.0,1114.0,955.0,1092.0,1372.0,921.0
1028,153.0,277.0,560.0,473.0,563.0,693.0
1029,466.0,650.0,760.0,557.0,504.0,938.0
1030,22.0,21.0,203.0,339.0,336.0,382.0
1031,,119.0,291.0,83.0,497.0,355.0
1032,,46.0,19.0,18.0,20.0,14.0
1033,,,,,,
1034,,83.0,18.0,61.0,68.0,66.0
1035,43.0,40.0,,17.0,,37.0
1036,45.0,17.0,59.0,76.0,58.0,221.0
1037,,,,20.0,20.0,
1038,,58.0,153.0,20.0,347.0,484.0
1039,,,30.0,,277.0,389.0
1040,23.0,21.0,76.0,631.0,1559.0,1510.0
1041,252.0,129.0,54.0,253.0,263.0,118.0
1042,366.0,480.0,425.0,1184.0,972.0,907.0
1043,349.0,867.0,1333.0,834.0,735.0,759.0
1044,460.0,433.0,2717.0,2229.0,2488.0,2318.0
1045,3603.0,5652.0,4826.0,5934.0,7338.0,8374.0
1046,1643.0,3672.0,4042.0,4754.0,4635.0,5831.0
1047,660.0,465.0,2301.0,1973.0,1596.0,2234.0
1048,4164.0,657.0,1308.0,1699.0,1354.0,1710.0
1049,660.0,3617.0,5183.0,3964.0,4377.0,4252.0
1050,22.0,57.0,560.0,946.0,2090.0,2035.0
1051,23.0,42.0,323.0,869.0,1158.0,1093.0
1052,,,103.0,123.0,1289.0,1779.0
1053,,,26.0,18.0,79.0,76.0
1054,23.0,128.0,195.0,105.0,297.0,371.0
1055,,24.0,18.0,20.0,49.0,73.0
1056,,,368.0,543.0,559.0,585.0
1057,186.0,661.0,1017.0,1097.0,1353.0,1251.0
1058,,180.0,363.0,664.0,1683.0,1627.0
1059,74.0,1468.0,2333.0,7128.0,10062.0,11276.0
1060,1654.0,6369.0,7370.0,8368.0,9257.0,11049.0
1061,208.0,525.0,1151.0,2057.0,2477.0,3058.0
1062,120.0,580.0,1391.0,1431.0,1799.0,1301.0
1063,2957.0,1939.0,2715.0,2352.0,3131.0,4439.0
1064,2501.0,4076.0,4929.0,4059.0,3471.0,2905.0
1065,3898.0,1058.0,5047.0,4558.0,5561.0,4426.0
1066,595.0,2363.0,1952.0,3052.0,3188.0,2624.0
1067,1203.0,850.0,2142.0,3533.0,3419.0,3729.0
1068,424.0,1188.0,1391.0,3203.0,2356.0,3243.0
1069,230.0,350.0,627.0,1914.0,2357.0,2247.0
1070,218.0,1168.0,1125.0,960.0,1065.0,820.0
1071,22.0,161.0,490.0,684.0,744.0,798.0
1072,249.0,223.0,1168.0,1047.0,2029.0,1335.0
1073,,,59.0,102.0,,43.0
1074,,20.0,56.0,40.0,46.0,65.0
1075,245.0,94.0,83.0,182.0,521.0,606.0
1076,405.0,289.0,836.0,969.0,739.0,950.0
1077,75.0,268.0,270.0,550.0,706.0,1189.0
1078,2415.0,1150.0,803.0,1463.0,975.0,1570.0
1079,,100.0,34.0,219.0,1485.0,1039.0
1080,154.0,939.0,3523.0,3367.0,3817.0,3987.0
1081,,82.0,336.0,595.0,656.0,704.0
1082,655.0,2175.0,2854.0,4724.0,5727.0,6924.0
1083,9525.0,7508.0,4066.0,5170.0,4975.0,4439.0
1084,1298.0,2990.0,3442.0,3672.0,4015.0,4351.0
1085,721.0,567.0,4402.0,1693.0,1317.0,1433.0
1086,2549.0,4017.0,4275.0,5248.0,5374.0,4031.0
1087,235.0,334.0,211.0,678.0,256.0,361.0
1088,2003.0,2853.0,3566.0,1983.0,973.0,734.0
1089,997.0,1077.0,1088.0,1080.0,937.0,869.0
1090,563.0,952.0,729.0,606.0,385.0,1054.0
1091,1373.0,2242.0,2275.0,2408.0,2825.0,3146.0
1092,304.0,879.0,657.0,1660.0,2144.0,2108.0
1093,947.0,205.0,2347.0,2213.0,1795.0,2178.0
1094,22.0,240.0,75.0,1097.0,1024.0,727.0
1095,117.0,19.0,16.0,77.0,344.0,414.0
1096,,,115.0,97.0,1336.0,2025.0
1097,25.0,100.0,116.0,166.0,620.0,1450.0
1098,65.0,25.0,107.0,95.0,164.0,151.0
1099,,,,44.0,83.0,57.0
1100,1970.0,2891.0,2654.0,2346.0,2842.0,2309.0
1101,1977.0,2067.0,2904.0,2437.0,2861.0,2747.0
1102,233.0,568.0,614.0,802.0,1483.0,1044.0
1103,284.0,818.0,418.0,649.0,512.0,375.0
1104,326.0,226.0,497.0,276.0,278.0,321.0
1105,229.0,1071.0,1671.0,2159.0,2079.0,2121.0
1106,1810.0,2469.0,2230.0,2341.0,2433.0,2046.0
1107,934.0,1973.0,643.0,1485.0,1402.0,914.0
1108,677.0,2299.0,2195.0,2354.0,3161.0,3787.0
1109,1409.0,1727.0,554.0,1342.0,1914.0,1525.0
1110,186.0,270.0,578.0,1289.0,1453.0,1361.0
1111,,38.0,120.0,373.0,704.0,659.0
1112,53.0,63.0,19.0,567.0,787.0,929.0
1113,,161.0,131.0,245.0,776.0,793.0
1114,352.0,425.0,497.0,847.0,761.0,988.0
1115,27.0,641.0,392.0,563.0,958.0,586.0
1116,291.0,496.0,1299.0,1136.0,1365.0,1135.0
1117,68.0,17.0,209.0,186.0,342.0,298.0
1118,47.0,91.0,196.0,267.0,286.0,431.0
1119,235.0,529.0,1957.0,1659.0,1800.0,2126.0
1120,269.0,454.0,958.0,1180.0,1314.0,2246.0
1121,3118.0,2247.0,3989.0,2297.0,1901.0,1893.0
1122,881.0,2512.0,2184.0,2279.0,2880.0,2654.0
1123,1436.0,1384.0,2334.0,2211.0,1827.0,1552.0
1124,250.0,439.0,814.0,770.0,575.0,635.0
1125,423.0,56.0,571.0,453.0,276.0,304.0
1126,101.0,130.0,230.0,366.0,492.0,427.0
1127,,81.0,1431.0,826.0,546.0,1659.0
1128,,18.0,372.0,1928.0,2315.0,1635.0
1129,1321.0,2046.0,1412.0,1672.0,1847.0,2282.0
1130,2872.0,6826.0,3693.0,7339.0,6733.0,8835.0
1131,922.0,972.0,1315.0,1490.0,1064.0,1387.0
1132,,,96.0,255.0,288.0,188.0
1133,302.0,170.0,858.0,1709.0,2176.0,2401.0
1134,331.0,25.0,36.0,409.0,724.0,644.0
1135,364.0,205.0,779.0,389.0,607.0,598.0
1136,,,,23.0,,43.0
1137,27.0,42.0,120.0,45.0,129.0,44.0
1138,,,16.0,52.0,83.0,106.0
1139,178.0,159.0,204.0,193.0,249.0,166.0
1140,,,91.0,38.0,28.0,43.0
1141,,,34.0,,64.0,48.0
1142,52.0,63.0,,18.0,19.0,32.0
1143,187.0,38.0,106.0,55.0,823.0,1110.0
1144,,18.0,167.0,118.0,1403.0,1620.0
1145,224.0,459.0,1410.0,1712.0,3073.0,3355.0
1146,6302.0,7046.0,5768.0,9626.0,9064.0,10186.0
1147,3804.0,1814.0,2553.0,1691.0,1168.0,1582.0
1148,999.0,1603.0,1290.0,1625.0,1406.0,1374.0
1149,660.0,676.0,842.0,654.0,638.0,523.0
1150,1642.0,1159.0,1046.0,1216.0,961.0,904.0
1151,198.0,299.0,628.0,627.0,457.0,404.0
1152,335.0,767.0,582.0,850.0,965.0,1246.0
1153,2481.0,2193.0,1883.0,1616.0,1172.0,1148.0
1154,85.0,369.0,391.0,915.0,793.0,461.0
1155,845.0,880.0,672.0,459.0,342.0,378.0
1156,739.0,1161.0,1670.0,1202.0,1481.0,1316.0
1157,177.0,544.0,536.0,860.0,616.0,669.0
1158,2214.0,2001.0,5872.0,3543.0,5165.0,6125.0
1159,1184.0,1712.0,7069.0,5384.0,5432.0,6548.0
1160,3415.0,3750.0,4130.0,4995.0,6248.0,5472.0
1161,167.0,1134.0,1766.0,2989.0,3337.0,3801.0
1162,1979.0,2204.0,4612.0,3466.0,3870.0,4524.0
1163,6944.0,7276.0,4904.0,7787.0,8675.0,11545.0
1164,23.0,166.0,1562.0,1702.0,1977.0,3500.0
1165,,94.0,134.0,190.0,924.0,659.0
1166,,,,20.0,755.0,1603.0
1167,,,20.0,68.0,16.0,58.0
1168,87.0,65.0,34.0,175.0,209.0,435.0
1169,,,18.0,132.0,28.0,
1170,68.0,43.0,62.0,125.0,87.0,112.0
1171,,190.0,646.0,1208.0,1069.0,959.0
1172,2803.0,2160.0,1822.0,2892.0,3184.0,3001.0
1173,445.0,476.0,327.0,1017.0,996.0,602.0
1174,275.0,2083.0,1735.0,2683.0,3069.0,4429.0
1175,1315.0,1540.0,5922.0,2730.0,2874.0,2865.0
1176,170.0,379.0,1717.0,2704.0,4662.0,5648.0
1177,1681.0,2280.0,2760.0,2425.0,2224.0,2891.0
1178,11592.0,13664.0,12084.0,10511.0,8643.0,11469.0
1179,10379.0,10893.0,9204.0,11358.0,13088.0,12765.0
1180,2264.0,1896.0,3350.0,3222.0,2654.0,1952.0
1181,887.0,859.0,1940.0,1181.0,2353.0,1637.0
1182,4486.0,7414.0,7736.0,8934.0,9514.0,9132.0
1183,1373.0,1034.0,750.0,1473.0,1699.0,1404.0
1184,70.0,192.0,2578.0,1180.0,1501.0,3351.0
1185,315.0,364.0,964.0,1229.0,1452.0,1087.0
1186,2267.0,1372.0,1849.0,1215.0,1166.0,1136.0
1187,672.0,1658.0,913.0,1467.0,1302.0,1226.0
1188,181.0,405.0,572.0,649.0,416.0,492.0
1189,113.0,18.0,197.0,93.0,280.0,290.0
1190,,,128.0,340.0,515.0,538.0
1191,,107.0,141.0,157.0,277.0,422.0
1192,46.0,105.0,155.0,171.0,180.0,125.0
1193,159.0,37.0,270.0,102.0,40.0,
1194,48.0,24.0,259.0,903.0,855.0,968.0
1195,,28.0,98.0,472.0,491.0,1098.0
1196,233.0,599.0,910.0,978.0,964.0,948.0
1197,2709.0,3784.0,2352.0,2864.0,3221.0,2487.0
1198,906.0,542.0,1332.0,1441.0,1590.0,2204.0
1199,98.0,74.0,347.0,242.0,190.0,83.0
1200,1407.0,811.0,2021.0,1473.0,961.0,778.0
1201,737.0,1054.0,671.0,1127.0,626.0,940.0
1202,394.0,673.0,868.0,1044.0,896.0,716.0
1203,545.0,607.0,817.0,1857.0,1718.0,1231.0
1204,,58.0,536.0,637.0,964.0,943.0
1205,2412.0,389.0,1540.0,661.0,784.0,392.0
1206,2296.0,2598.0,1961.0,3219.0,2927.0,2478.0
1207,967.0,703.0,502.0,867.0,811.0,931.0
1208,,17.0,138.0,468.0,898.0,1074.0
1209,,20.0,18.0,368.0,708.0,1143.0
1210,23.0,,115.0,158.0,256.0,68.0
1211,48.0,170.0,103.0,97.0,49.0,38.0
1212,,183.0,250.0,92.0,31.0,
1213,608.0,332.0,348.0,825.0,1451.0,1202.0
1214,279.0,336.0,127.0,739.0,1066.0,1243.0
1215,965.0,723.0,801.0,610.0,630.0,225.0
1216,1122.0,1458.0,884.0,1580.0,1655.0,1530.0
1217,817.0,316.0,841.0,714.0,1072.0,694.0
1218,,39.0,548.0,932.0,923.0,414.0
1219,26.0,60.0,676.0,553.0,1220.0,1260.0
1220,,98.0,12.0,223.0,1059.0,1059.0
1221,,43.0,56.0,18.0,59.0,34.0
1222,91.0,60.0,622.0,107.0,128.0,242.0
1223,744.0,920.0,1952.0,2324.0,2796.0,3361.0
1224,,20.0,125.0,43.0,136.0,415.0
1225,,,56.0,,,
1226,,,,58.0,121.0,247.0
1227,,,20.0,,12.0,30.0
1228,,,52.0,58.0,53.0,60.0
1229,23.0,,,56.0,45.0,131.0
1230,179.0,295.0,134.0,490.0,1355.0,1599.0
1231,181.0,329.0,481.0,596.0,646.0,210.0
1232,668.0,731.0,1114.0,1292.0,1641.0,1171.0
1233,1323.0,1388.0,1527.0,1475.0,1549.0,1194.0
1234,1023.0,1095.0,974.0,1514.0,1888.0,1693.0
1235,173.0,468.0,215.0,502.0,486.0,250.0
1236,1070.0,660.0,1874.0,1032.0,1165.0,817.0
1237,227.0,785.0,1471.0,2938.0,4859.0,5215.0
1238,2160.0,2458.0,2751.0,2367.0,2385.0,2186.0
1239,2618.0,1524.0,2154.0,3370.0,3358.0,4373.0
1240,249.0,498.0,456.0,658.0,515.0,315.0
1241,,63.0,78.0,108.0,39.0,356.0
1242,223.0,573.0,652.0,1270.0,948.0,830.0
1243,236.0,19.0,101.0,502.0,764.0,486.0
1244,48.0,,31.0,38.0,17.0,313.0
1245,,95.0,,519.0,2260.0,2359.0
1246,508.0,21.0,124.0,102.0,326.0,1993.0
1247,49.0,20.0,49.0,186.0,178.0,86.0
1248,19.0,367.0,357.0,754.0,886.0,824.0
1249,424.0,738.0,426.0,733.0,1015.0,838.0
1250,388.0,1311.0,888.0,3124.0,2899.0,2968.0
1251,197.0,76.0,,35.0,265.0,222.0
1252,2656.0,2367.0,2252.0,4231.0,4080.0,4151.0
1253,249.0,619.0,782.0,1110.0,808.0,1024.0
1254,2456.0,1104.0,2719.0,2143.0,1474.0,1166.0
1255,2787.0,3728.0,4503.0,3058.0,2889.0,2832.0
1256,1314.0,1337.0,1622.0,1426.0,1880.0,1470.0
1257,185.0,597.0,1498.0,1525.0,1871.0,1779.0
1258,213.0,611.0,618.0,1620.0,1024.0,827.0
1259,827.0,1483.0,2024.0,2109.0,1760.0,2589.0
1260,1346.0,2085.0,3303.0,2664.0,2081.0,2024.0
1261,1770.0,2207.0,1862.0,3257.0,4662.0,4210.0
1262,199.0,1257.0,2224.0,1427.0,1032.0,1675.0
1263,568.0,1144.0,1111.0,765.0,413.0,645.0
1264,491.0,2267.0,3211.0,5577.0,5099.0,6015.0
1265,1189.0,1662.0,3108.0,4230.0,4351.0,4091.0
1266,,62.0,316.0,81.0,168.0,271.0
1267,187.0,65.0,106.0,160.0,76.0,128.0
1268,,91.0,212.0,160.0,122.0,213.0
1269,113.0,512.0,751.0,650.0,825.0,701.0
1270,269.0,82.0,454.0,443.0,652.0,706.0
1271,,19.0,60.0,262.0,134.0,61.0
1272,160.0,45.0,221.0,156.0,127.0,355.0
1273,,254.0,213.0,94.0,255.0,32.0
1274,230.0,50.0,31.0,196.0,308.0,440.0
1275,247.0,330.0,273.0,196.0,441.0,644.0
1276,705.0,192.0,202.0,188.0,297.0,94.0
1277,319.0,88.0,98.0,155.0,191.0,66.0
1278,23.0,229.0,215.0,162.0,334.0,111.0
1279,23.0,113.0,38.0,177.0,28.0,
1280,567.0,687.0,461.0,538.0,629.0,599.0
1281,,,67.0,55.0,,77.0
1282,319.0,216.0,236.0,527.0,533.0,709.0
1283,456.0,278.0,461.0,661.0,657.0,643.0
1284,46.0,,191.0,243.0,264.0,168.0
1285,182.0,130.0,115.0,246.0,196.0,93.0
1286,23.0,153.0,262.0,183.0,152.0,124.0
1287,,350.0,256.0,484.0,693.0,579.0
1288,487.0,322.0,283.0,454.0,765.0,536.0
1289,137.0,42.0,18.0,18.0,21.0,43.0
1290,167.0,165.0,255.0,147.0,118.0,170.0
1291,641.0,1000.0,1079.0,1046.0,1092.0,1336.0
1292,411.0,654.0,568.0,594.0,532.0,1480.0
1293,996.0,130.0,324.0,420.0,233.0,133.0
1294,241.0,152.0,255.0,428.0,476.0,539.0
1295,74.0,80.0,155.0,369.0,215.0,207.0
1296,368.0,206.0,288.0,383.0,549.0,733.0
1297,,,71.0,40.0,179.0,86.0
1298,390.0,957.0,429.0,1687.0,1496.0,1294.0
1299,2192.0,822.0,1928.0,1856.0,2746.0,2629.0
1300,505.0,400.0,813.0,699.0,535.0,646.0
1301,221.0,508.0,357.0,191.0,256.0,351.0
1302,399.0,604.0,274.0,697.0,875.0,557.0
1303,137.0,133.0,168.0,263.0,358.0,324.0
1304,578.0,338.0,403.0,403.0,458.0,300.0
1305,194.0,69.0,20.0,199.0,376.0,274.0
1306,93.0,291.0,264.0,461.0,206.0,148.0
1307,63.0,44.0,167.0,486.0,339.0,262.0
1308,23.0,,72.0,222.0,1248.0,1352.0
1309,68.0,129.0,206.0,181.0,80.0,96.0
1310,417.0,383.0,248.0,557.0,635.0,623.0
1311,,,87.0,72.0,149.0,27.0
1312,191.0,93.0,28.0,34.0,164.0,57.0
1313,,93.0,96.0,53.0,40.0,26.0
1314,48.0,57.0,110.0,160.0,52.0,109.0
1315,209.0,438.0,507.0,671.0,366.0,512.0
1316,23.0,43.0,190.0,387.0,951.0,894.0
1317,,38.0,113.0,313.0,319.0,519.0
1318,,18.0,,,55.0,
1319,,137.0,40.0,106.0,,34.0
1320,,57.0,,20.0,143.0,
1321,,39.0,70.0,112.0,102.0,118.0
1322,,43.0,20.0,33.0,70.0,24.0
1323,,76.0,58.0,88.0,119.0,78.0
1324,144.0,129.0,319.0,270.0,347.0,217.0
1325,169.0,316.0,139.0,185.0,435.0,197.0
1326,25.0,219.0,19.0,157.0,329.0,616.0
1327,24.0,99.0,266.0,383.0,967.0,984.0
1328,19.0,252.0,360.0,186.0,274.0,216.0
1329,169.0,326.0,391.0,372.0,518.0,418.0
1330,121.0,96.0,268.0,220.0,210.0,154.0
1331,381.0,445.0,518.0,530.0,595.0,705.0
1332,,100.0,220.0,308.0,294.0,230.0
1333,25.0,645.0,160.0,147.0,211.0,143.0
1334,25.0,416.0,638.0,463.0,536.0,537.0
1335,,41.0,71.0,215.0,154.0,213.0
1336,24.0,60.0,20.0,,43.0,34.0
1337,43.0,161.0,39.0,39.0,162.0,
1338,468.0,320.0,321.0,624.0,666.0,717.0
1339,468.0,454.0,460.0,1158.0,1040.0,1377.0
1340,148.0,384.0,477.0,587.0,644.0,910.0
1341,,165.0,299.0,183.0,566.0,355.0
1342,,78.0,133.0,196.0,157.0,94.0
1343,823.0,483.0,747.0,703.0,531.0,596.0
1344,167.0,63.0,176.0,184.0,271.0,521.0
1345,762.0,1555.0,1842.0,1699.0,1714.0,1688.0
1346,787.0,395.0,332.0,234.0,307.0,189.0
1347,464.0,155.0,179.0,124.0,274.0,87.0
1348,148.0,24.0,39.0,89.0,89.0,63.0
1349,,207.0,101.0,192.0,299.0,299.0
1350,,,76.0,16.0,166.0,48.0
1351,592.0,65.0,99.0,52.0,234.0,33.0
1352,542.0,442.0,440.0,201.0,270.0,233.0
1353,444.0,18.0,289.0,77.0,96.0,105.0
1501,2447.0,1707.0,2540.0,3679.0,4042.0,3073.0
1502,280.0,388.0,706.0,1429.0,909.0,975.0
1503,101.0,472.0,1186.0,919.0,866.0,298.0
1504,816.0,1424.0,1096.0,900.0,1264.0,805.0
1505,2696.0,3092.0,5061.0,8622.0,9920.0,12670.0
1506,203.0,364.0,863.0,969.0,1218.0,682.0
1507,92.0,196.0,1220.0,1680.0,2653.0,2663.0
1508,1353.0,6615.0,6125.0,8589.0,9713.0,10161.0
1509,11198.0,7275.0,5063.0,7262.0,5818.0,6758.0
1510,226.0,280.0,472.0,641.0,637.0,527.0
1511,3988.0,3595.0,3827.0,6331.0,7539.0,6740.0
1512,7235.0,7413.0,6896.0,7787.0,8505.0,10583.0
1513,1034.0,1428.0,581.0,2805.0,3170.0,3752.0
1514,1641.0,1894.0,1825.0,1817.0,1549.0,1558.0
1515,233.0,490.0,714.0,900.0,1397.0,1235.0
1516,,195.0,651.0,947.0,980.0,1029.0
1517,177.0,35.0,852.0,778.0,2337.0,2084.0
1518,391.0,746.0,5161.0,8161.0,13257.0,13264.0
1519,,49.0,472.0,704.0,873.0,913.0
1520,,59.0,1505.0,2938.0,5089.0,4806.0
1521,1781.0,2879.0,7398.0,10005.0,10531.0,11666.0
1522,1555.0,713.0,347.0,1139.0,1443.0,993.0
1523,333.0,286.0,256.0,275.0,135.0,174.0
1524,179.0,268.0,1341.0,1121.0,552.0,1110.0
1525,69.0,55.0,1100.0,746.0,725.0,1383.0
1526,2425.0,2690.0,3635.0,4186.0,3686.0,3229.0
1527,1167.0,2127.0,2373.0,2894.0,2325.0,2894.0
1528,357.0,434.0,498.0,796.0,508.0,273.0
1529,81.0,453.0,368.0,736.0,678.0,813.0
1530,275.0,1332.0,848.0,1204.0,1269.0,1766.0
1531,210.0,1159.0,466.0,1095.0,1257.0,2135.0
1532,2227.0,1833.0,3652.0,3281.0,4441.0,5796.0
1533,3726.0,3661.0,4691.0,5199.0,6333.0,6839.0
1534,1068.0,1015.0,2878.0,2703.0,3519.0,5525.0
1535,808.0,1111.0,2427.0,3003.0,3515.0,3431.0
1536,697.0,21.0,405.0,596.0,725.0,537.0
1537,43.0,299.0,406.0,252.0,337.0,133.0
1538,506.0,416.0,1176.0,763.0,769.0,710.0
1539,3078.0,4337.0,4110.0,4891.0,5956.0,6199.0
1540,1380.0,1812.0,1966.0,2227.0,1940.0,1492.0
1541,1316.0,1605.0,1825.0,1794.0,2075.0,1776.0
1542,2358.0,3025.0,3449.0,3719.0,2900.0,3225.0
1543,2299.0,2637.0,2305.0,2306.0,1808.0,1485.0
1544,92.0,532.0,535.0,724.0,409.0,381.0
1545,852.0,1034.0,765.0,707.0,854.0,694.0
1546,1440.0,478.0,931.0,848.0,1116.0,810.0
1547,20.0,274.0,720.0,413.0,394.0,518.0
1548,445.0,1190.0,998.0,1324.0,1535.0,1125.0
1549,1859.0,2193.0,2249.0,2097.0,2425.0,1919.0
1550,824.0,1264.0,2903.0,2607.0,2107.0,1371.0
1551,3122.0,2263.0,2871.0,2525.0,2995.0,2431.0
1552,900.0,787.0,698.0,408.0,322.0,431.0
1553,1547.0,1722.0,1646.0,1283.0,1338.0,1548.0
1554,2399.0,911.0,1820.0,2722.0,880.0,937.0
1555,876.0,1311.0,1726.0,1169.0,966.0,883.0
1556,1027.0,811.0,655.0,819.0,377.0,245.0
1557,1588.0,1580.0,1613.0,1698.0,1281.0,925.0
1558,1024.0,1337.0,1558.0,1447.0,1379.0,1113.0
1559,2049.0,4106.0,2734.0,2811.0,2790.0,2203.0
1560,933.0,6684.0,4722.0,4558.0,4709.0,5730.0
1561,834.0,2763.0,2918.0,3336.0,3225.0,3186.0
1562,3491.0,3546.0,3532.0,4209.0,4893.0,4193.0
1563,880.0,512.0,1116.0,877.0,843.0,682.0
1564,1590.0,1144.0,1312.0,1282.0,1655.0,955.0
1565,1100.0,1118.0,1203.0,2653.0,2327.0,1767.0
1566,695.0,413.0,1409.0,1230.0,1236.0,1465.0
1567,1278.0,734.0,953.0,1180.0,1082.0,1007.0
1568,752.0,905.0,1109.0,1179.0,1091.0,1310.0
1569,3422.0,2389.0,3268.0,2438.0,2001.0,1625.0
1570,5251.0,3595.0,2811.0,3681.0,2569.0,2736.0
1571,5451.0,5499.0,4812.0,6584.0,6743.0,7847.0
1572,1389.0,2228.0,2240.0,2919.0,4574.0,3849.0
1573,330.0,126.0,254.0,415.0,454.0,368.0
1574,1664.0,1224.0,1560.0,1123.0,1180.0,1302.0
1575,957.0,879.0,1392.0,1457.0,1564.0,742.0
1576,197.0,758.0,730.0,932.0,660.0,465.0
1577,118.0,297.0,773.0,1148.0,782.0,521.0
1578,1446.0,1046.0,2744.0,1617.0,1218.0,778.0
1579,12981.0,15168.0,13665.0,13803.0,16512.0,15533.0
1580,1334.0,1042.0,918.0,1012.0,1070.0,1400.0
1581,144.0,962.0,1411.0,585.0,523.0,524.0
1582,587.0,387.0,442.0,467.0,714.0,339.0
1583,1171.0,1024.0,2230.0,876.0,917.0,571.0
1584,927.0,268.0,290.0,728.0,867.0,633.0
1585,164.0,586.0,949.0,1537.0,1300.0,1171.0
1586,362.0,1717.0,2247.0,2463.0,2191.0,2178.0
1587,344.0,342.0,950.0,713.0,1043.0,985.0
1588,,127.0,937.0,775.0,790.0,1279.0
1589,989.0,703.0,1269.0,1283.0,935.0,1296.0
1590,3311.0,2970.0,2677.0,3671.0,3235.0,3402.0
1591,150.0,180.0,473.0,1111.0,627.0,609.0
1592,977.0,2232.0,3293.0,2966.0,3919.0,3741.0
1593,4394.0,9528.0,11198.0,11714.0,11679.0,10652.0
1594,44.0,348.0,1604.0,1495.0,2792.0,2938.0
1595,1106.0,503.0,4076.0,4352.0,5784.0,7765.0
1596,923.0,1087.0,4110.0,5643.0,6086.0,7048.0
1597,211.0,,715.0,1038.0,2384.0,2786.0
1598,1170.0,2091.0,4160.0,3506.0,2897.0,2630.0
1599,1499.0,3009.0,1919.0,4700.0,6621.0,8694.0
1600,12011.0,8144.0,7240.0,8749.0,7601.0,6188.0
1601,2918.0,3095.0,4100.0,7981.0,10607.0,11552.0
1602,899.0,2577.0,5378.0,7692.0,10184.0,9903.0
1603,11395.0,13538.0,12572.0,11580.0,10372.0,9881.0
1604,2813.0,3214.0,5225.0,5631.0,5690.0,5618.0
1605,8267.0,7828.0,8253.0,8094.0,9145.0,7520.0
1606,1854.0,1529.0,3578.0,4384.0,4685.0,3847.0
1607,4520.0,6461.0,5897.0,5573.0,5166.0,4340.0
1608,2343.0,471.0,1169.0,934.0,344.0,276.0
1609,22363.0,15940.0,6750.0,1824.0,29790.0,21934.0
1610,11360.0,11151.0,8187.0,12766.0,13757.0,15199.0
1611,2087.0,1981.0,2963.0,2860.0,2900.0,3310.0
1612,4604.0,1079.0,2441.0,951.0,756.0,894.0
1613,622.0,955.0,4396.0,2748.0,1975.0,1880.0
1614,,442.0,979.0,856.0,960.0,823.0
1615,1908.0,2417.0,2223.0,2579.0,2479.0,2494.0
1616,268.0,1117.0,1402.0,989.0,811.0,633.0
1617,1931.0,1349.0,2555.0,2343.0,2338.0,3288.0
1618,813.0,752.0,857.0,1348.0,1461.0,993.0
1619,2531.0,2108.0,2460.0,2995.0,2912.0,2493.0
1620,600.0,641.0,1582.0,3676.0,2678.0,2765.0
1621,3533.0,5482.0,6894.0,7519.0,8783.0,9315.0
1622,,20.0,340.0,408.0,436.0,909.0
1623,,43.0,203.0,571.0,981.0,907.0
1624,248.0,411.0,815.0,1093.0,1305.0,1409.0
1625,681.0,1994.0,2463.0,3327.0,3989.0,4931.0
1626,1087.0,1966.0,2293.0,2498.0,1990.0,1934.0
1627,70.0,659.0,2020.0,2755.0,3230.0,3598.0
1628,1144.0,2377.0,3798.0,4803.0,4496.0,3883.0
1629,849.0,2753.0,4309.0,4334.0,3349.0,3640.0
1630,247.0,1031.0,1777.0,2057.0,2287.0,3422.0
1631,3229.0,3421.0,2937.0,3936.0,4696.0,4409.0
1632,690.0,2849.0,3564.0,4369.0,5139.0,5369.0
1633,32.0,287.0,918.0,1396.0,1517.0,1519.0
1634,996.0,4668.0,2852.0,5498.0,4657.0,4914.0
1635,784.0,675.0,1758.0,1875.0,2202.0,2322.0
1636,616.0,540.0,1772.0,1239.0,1540.0,1300.0
1637,143.0,65.0,245.0,670.0,1346.0,2182.0
1638,4095.0,2419.0,3004.0,3138.0,2896.0,2850.0
1639,3423.0,2893.0,2845.0,2718.0,2757.0,2541.0
1640,6186.0,5770.0,4514.0,5110.0,5114.0,4652.0
1641,1856.0,2733.0,3451.0,3203.0,2614.0,1575.0
1642,5225.0,4311.0,3712.0,3181.0,3784.0,3237.0
1643,3745.0,4869.0,3109.0,4353.0,7902.0,8345.0
1644,385.0,143.0,484.0,537.0,347.0,209.0
1645,627.0,573.0,536.0,599.0,647.0,497.0
1646,692.0,1081.0,1331.0,1280.0,853.0,704.0
1647,2131.0,1042.0,1493.0,1396.0,1262.0,819.0
1648,692.0,1957.0,2262.0,2194.0,1940.0,2081.0
1649,112.0,579.0,395.0,675.0,409.0,807.0
1650,405.0,562.0,590.0,499.0,547.0,820.0
1651,2353.0,857.0,1466.0,1383.0,1517.0,896.0
1652,2426.0,2601.0,2840.0,2841.0,658.0,1109.0
1653,99.0,236.0,14.0,,100.0,18.0
1654,196.0,56.0,128.0,103.0,251.0,616.0
1655,2986.0,1212.0,1157.0,1932.0,1123.0,1696.0
1656,869.0,1114.0,2139.0,1303.0,1327.0,941.0
1657,3041.0,4818.0,4192.0,5326.0,6706.0,6808.0
1658,915.0,1030.0,1937.0,2001.0,1424.0,1882.0
1659,1164.0,1028.0,901.0,835.0,743.0,940.0
1660,1647.0,1697.0,1632.0,1734.0,1778.0,1579.0
1661,2433.0,1949.0,2396.0,2561.0,1884.0,1355.0
1662,238.0,700.0,989.0,808.0,1253.0,1093.0
1663,2086.0,912.0,678.0,922.0,1016.0,826.0
1664,793.0,656.0,1184.0,859.0,1023.0,1089.0
1665,,389.0,771.0,1070.0,1286.0,1556.0
1666,733.0,461.0,536.0,813.0,853.0,861.0
1667,3195.0,2172.0,2216.0,1347.0,2281.0,1625.0
1668,2740.0,1035.0,1944.0,2711.0,1534.0,1584.0
1669,71.0,247.0,793.0,1073.0,1116.0,1020.0
1670,489.0,650.0,1669.0,1384.0,2129.0,1461.0
1671,784.0,260.0,430.0,497.0,544.0,488.0
1672,402.0,836.0,781.0,791.0,725.0,573.0
1673,705.0,766.0,1183.0,805.0,741.0,1245.0
1674,970.0,450.0,758.0,930.0,1281.0,560.0
1675,143.0,,107.0,922.0,1073.0,1700.0
1676,202.0,38.0,89.0,907.0,647.0,930.0
1677,894.0,1687.0,1486.0,1305.0,1805.0,2033.0
1678,728.0,624.0,856.0,797.0,386.0,958.0
1679,,,115.0,108.0,24.0,399.0
1680,,24.0,73.0,487.0,680.0,1536.0
1681,1063.0,1323.0,1384.0,1521.0,2012.0,1961.0
1682,189.0,265.0,664.0,520.0,455.0,364.0
1683,2466.0,2072.0,2516.0,3915.0,4888.0,5372.0
1684,690.0,219.0,540.0,1068.0,1810.0,1968.0
1685,,24.0,,195.0,650.0,650.0
1686,,,15.0,228.0,671.0,685.0
1687,172.0,20.0,110.0,96.0,44.0,253.0
1688,218.0,150.0,173.0,164.0,359.0,539.0
1689,694.0,757.0,549.0,1070.0,1454.0,1609.0
1690,607.0,472.0,901.0,1140.0,1423.0,1767.0
1691,696.0,2004.0,3086.0,4684.0,5237.0,7356.0
1692,1194.0,930.0,2557.0,1644.0,1920.0,1571.0
1693,1190.0,522.0,1143.0,1062.0,1059.0,975.0
1694,615.0,2413.0,1129.0,2595.0,2495.0,2111.0
1695,193.0,88.0,360.0,157.0,233.0,280.0
1696,184.0,434.0,476.0,740.0,705.0,647.0
1697,422.0,866.0,786.0,1225.0,1322.0,901.0
1698,68.0,,80.0,141.0,97.0,39.0
1699,314.0,279.0,264.0,261.0,338.0,374.0
1700,135.0,349.0,402.0,429.0,418.0,344.0
1701,81.0,22.0,233.0,93.0,13.0,198.0
1702,99.0,219.0,272.0,366.0,347.0,428.0
1703,95.0,101.0,262.0,185.0,110.0,211.0
1704,131.0,82.0,33.0,255.0,364.0,204.0
1705,394.0,144.0,247.0,178.0,281.0,242.0
1706,27.0,81.0,187.0,173.0,187.0,150.0
1707,,59.0,59.0,331.0,89.0,192.0
1708,81.0,169.0,178.0,340.0,304.0,200.0
1709,,,279.0,532.0,1163.0,1182.0
1710,,26.0,87.0,550.0,1220.0,1050.0
1711,20.0,,287.0,166.0,861.0,540.0
1712,273.0,845.0,1034.0,1154.0,973.0,699.0
1713,654.0,1484.0,1080.0,1515.0,1300.0,1410.0
1714,354.0,292.0,182.0,271.0,254.0,199.0
1715,2495.0,2561.0,4300.0,4862.0,5205.0,6121.0
1716,23.0,10365.0,24602.0,24582.0,867.0,10786.0
1717,244.0,,1668.0,2007.0,2299.0,2432.0
1718,974.0,434.0,706.0,1016.0,623.0,881.0
1719,456.0,,402.0,878.0,4574.0,6202.0
1720,586.0,218.0,783.0,879.0,1290.0,1273.0
1721,565.0,486.0,2991.0,4716.0,4700.0,5235.0
1722,416.0,1210.0,1735.0,2762.0,2842.0,3281.0
1723,4493.0,4208.0,4179.0,5587.0,5843.0,5705.0
1724,1151.0,2262.0,2475.0,3266.0,2665.0,2475.0
1725,288.0,220.0,756.0,806.0,851.0,1015.0
1726,640.0,1608.0,888.0,1133.0,1636.0,2158.0
1727,341.0,77.0,261.0,439.0,353.0,647.0
1728,45.0,58.0,,97.0,219.0,151.0
1729,,72.0,,78.0,275.0,683.0
1730,143.0,40.0,55.0,,458.0,1095.0
1731,22.0,,77.0,49.0,828.0,770.0
1732,,,59.0,46.0,266.0,767.0
1733,170.0,138.0,244.0,137.0,232.0,286.0
1734,,37.0,,211.0,860.0,1263.0
1735,,,17.0,,81.0,37.0
1736,,,37.0,375.0,757.0,966.0
1737,27.0,,17.0,,28.0,28.0
1738,,51.0,59.0,,61.0,107.0
1739,27.0,,24.0,148.0,46.0,181.0
1740,63.0,64.0,73.0,162.0,76.0,327.0
1741,23.0,,36.0,81.0,135.0,
1742,,,32.0,434.0,399.0,372.0
1743,,63.0,19.0,62.0,49.0,399.0
1744,,39.0,43.0,76.0,22.0,20.0
1745,48.0,169.0,265.0,314.0,318.0,368.0
1746,345.0,650.0,371.0,479.0,701.0,1377.0
1747,,,470.0,443.0,1098.0,746.0
1748,,,38.0,334.0,810.0,1264.0
1749,,170.0,291.0,251.0,871.0,993.0
1750,472.0,124.0,458.0,2176.0,4384.0,5770.0
1751,215.0,346.0,577.0,941.0,628.0,581.0
1752,292.0,96.0,257.0,301.0,402.0,277.0
1753,195.0,48.0,79.0,231.0,759.0,589.0
2001,602.0,391.0,380.0,854.0,733.0,783.0
2002,25.0,220.0,551.0,232.0,1930.0,3718.0
2003,3620.0,4127.0,3781.0,4090.0,4133.0,4571.0
2004,819.0,569.0,549.0,430.0,353.0,409.0
2005,1696.0,1477.0,1523.0,1394.0,1537.0,1852.0
2006,230.0,601.0,809.0,587.0,523.0,489.0
2007,516.0,667.0,925.0,988.0,775.0,745.0
2008,3057.0,3139.0,4156.0,3944.0,3980.0,4009.0
2009,3808.0,4758.0,3677.0,4775.0,4162.0,4124.0
2010,,134.0,294.0,354.0,271.0,75.0
2011,1907.0,1675.0,1771.0,2017.0,2177.0,2483.0
2012,1487.0,1840.0,2175.0,1737.0,2945.0,2800.0
2013,,159.0,183.0,174.0,185.0,102.0
2014,3877.0,2800.0,2383.0,2847.0,2105.0,3170.0
2015,1494.0,1375.0,2001.0,2431.0,2684.0,521.0
2016,2722.0,3325.0,3454.0,3251.0,2693.0,3054.0
2017,275.0,445.0,471.0,400.0,570.0,400.0
2018,517.0,773.0,421.0,439.0,522.0,870.0
2019,145.0,233.0,745.0,1052.0,1256.0,1218.0
2020,433.0,272.0,1024.0,709.0,954.0,552.0
2021,1554.0,1618.0,2344.0,1696.0,1709.0,2281.0
2022,5260.0,4632.0,4131.0,4533.0,3666.0,4934.0
2023,180.0,480.0,1060.0,2337.0,2019.0,2002.0
2024,567.0,4440.0,6015.0,8399.0,9842.0,11058.0
2025,75.0,482.0,816.0,1227.0,1235.0,1242.0
2026,614.0,771.0,782.0,646.0,784.0,690.0
2027,1606.0,2465.0,2052.0,3101.0,2742.0,3691.0
2028,,138.0,107.0,208.0,212.0,201.0
2029,2322.0,2243.0,2025.0,2032.0,2205.0,2756.0
2030,1836.0,2410.0,2177.0,2028.0,2295.0,1818.0
2031,177.0,218.0,305.0,356.0,304.0,152.0
2032,72.0,75.0,295.0,297.0,217.0,197.0
2033,27.0,,98.0,292.0,787.0,586.0
2034,225.0,60.0,733.0,899.0,837.0,1052.0
2035,194.0,311.0,369.0,643.0,1349.0,2244.0
2036,99.0,117.0,332.0,427.0,589.0,304.0
2037,440.0,222.0,559.0,1275.0,1163.0,1311.0
2038,149.0,420.0,337.0,649.0,383.0,433.0
2039,71.0,179.0,825.0,1367.0,1304.0,1352.0
2040,1981.0,2895.0,3140.0,2801.0,2565.0,3119.0
2041,711.0,1386.0,1421.0,1910.0,3289.0,4397.0
2042,896.0,1131.0,1652.0,2858.0,2339.0,2667.0
2043,,99.0,27.0,138.0,68.0,68.0
2044,50.0,78.0,557.0,315.0,167.0,102.0
2045,22.0,20.0,253.0,292.0,513.0,958.0
2046,,,13.0,33.0,,
2047,49.0,65.0,33.0,33.0,,14.0
2048,,71.0,13.0,79.0,91.0,
2049,,57.0,,83.0,20.0,
2050,202.0,114.0,194.0,256.0,249.0,284.0
2051,453.0,589.0,843.0,758.0,515.0,743.0
2052,1334.0,996.0,1290.0,1440.0,1359.0,1555.0
2053,916.0,1149.0,1099.0,1206.0,1571.0,2374.0
2054,324.0,478.0,590.0,649.0,399.0,715.0
2055,550.0,612.0,626.0,607.0,225.0,391.0
2056,1890.0,1919.0,1881.0,2064.0,2923.0,2935.0
2057,2585.0,3157.0,2983.0,2920.0,3246.0,2844.0
2058,357.0,448.0,800.0,386.0,535.0,407.0
2059,2922.0,2757.0,2995.0,2455.0,3052.0,2569.0
2060,2532.0,2683.0,3089.0,2325.0,3152.0,3713.0
2061,47.0,740.0,915.0,885.0,888.0,696.0
2062,1483.0,1392.0,2689.0,1919.0,1834.0,2205.0
2063,3384.0,4286.0,3103.0,4000.0,4016.0,4560.0
2064,634.0,719.0,461.0,828.0,764.0,837.0
2065,122.0,340.0,614.0,384.0,541.0,693.0
2066,210.0,227.0,199.0,278.0,219.0,242.0
2067,373.0,228.0,336.0,277.0,328.0,279.0
2068,3434.0,2528.0,3257.0,3508.0,4497.0,4821.0
2069,5444.0,5295.0,4457.0,5359.0,4453.0,5145.0
2070,,99.0,318.0,76.0,160.0,141.0
2071,934.0,441.0,369.0,639.0,795.0,795.0
2072,23.0,317.0,266.0,235.0,194.0,181.0
2073,327.0,179.0,353.0,229.0,315.0,230.0
2074,269.0,582.0,578.0,623.0,671.0,559.0
2075,192.0,385.0,353.0,600.0,466.0,707.0
2076,772.0,1106.0,748.0,1066.0,1228.0,1254.0
2077,2264.0,4059.0,4438.0,5938.0,6181.0,6429.0
2078,495.0,2135.0,4010.0,6121.0,8026.0,8928.0
2079,47.0,,1014.0,966.0,1667.0,1502.0
2080,48.0,402.0,989.0,2013.0,2425.0,1696.0
2081,4924.0,3190.0,4546.0,4865.0,5498.0,5394.0
2082,5586.0,4520.0,3997.0,4857.0,4176.0,5392.0
2083,422.0,554.0,730.0,939.0,767.0,1131.0
2084,1215.0,1956.0,1641.0,1904.0,2203.0,2023.0
2085,1023.0,994.0,1224.0,1092.0,1051.0,654.0
2086,1132.0,1120.0,1854.0,1083.0,987.0,1016.0
2087,619.0,400.0,850.0,569.0,630.0,967.0
2088,66.0,1142.0,1418.0,2272.0,2340.0,2709.0
2089,1266.0,777.0,1036.0,982.0,974.0,1027.0
2090,96.0,237.0,402.0,419.0,503.0,189.0
2091,717.0,746.0,1189.0,1033.0,2444.0,2184.0
2092,151.0,173.0,188.0,284.0,98.0,168.0
2093,548.0,389.0,214.0,524.0,371.0,320.0
2094,,85.0,267.0,116.0,37.0,94.0
2095,,,,,,231.0
2096,57.0,88.0,155.0,167.0,21.0,229.0
2097,,92.0,85.0,96.0,232.0,189.0
2098,,102.0,258.0,38.0,101.0,71.0
2099,315.0,99.0,167.0,202.0,238.0,173.0
2100,,64.0,130.0,209.0,278.0,123.0
2101,,,,17.0,,36.0
2102,,,,,16.0,
2103,22.0,,17.0,18.0,767.0,414.0
2104,,,38.0,,30.0,136.0
2105,351.0,21.0,236.0,138.0,1078.0,2045.0
2106,,81.0,33.0,87.0,36.0,129.0
2107,,,32.0,,,25.0
2108,,37.0,32.0,140.0,489.0,690.0
2109,,,56.0,18.0,113.0,230.0
2110,,,78.0,616.0,928.0,1784.0
2111,,46.0,19.0,,46.0,20.0
2112,,,16.0,341.0,,
2113,,39.0,92.0,237.0,337.0,178.0
2114,365.0,383.0,382.0,320.0,71.0,50.0
2115,239.0,200.0,107.0,168.0,212.0,126.0
2116,,,95.0,32.0,93.0,38.0
2117,22.0,,31.0,86.0,387.0,310.0
2118,,,16.0,36.0,,142.0
2119,,348.0,345.0,737.0,1180.0,1416.0
2120,,21.0,54.0,184.0,540.0,517.0
2121,168.0,,,32.0,79.0,85.0
2122,1123.0,1904.0,1734.0,3326.0,3107.0,3403.0
2123,1278.0,1077.0,1137.0,1629.0,1380.0,1304.0
2124,1824.0,2204.0,2057.0,2150.0,2907.0,2504.0
2125,2133.0,2148.0,1981.0,1809.0,2729.0,3008.0
2126,838.0,1487.0,1334.0,1653.0,1677.0,1598.0
2127,27.0,81.0,41.0,73.0,766.0,843.0
2128,,106.0,91.0,54.0,212.0,
2129,,,,16.0,45.0,61.0
2130,,39.0,48.0,62.0,121.0,150.0
2131,,,105.0,36.0,66.0,82.0
2132,191.0,40.0,75.0,197.0,172.0,103.0
2133,360.0,275.0,411.0,410.0,430.0,266.0
2134,191.0,21.0,152.0,545.0,67.0,61.0
2135,168.0,119.0,76.0,95.0,308.0,360.0
2136,30.0,358.0,420.0,293.0,290.0,292.0
2137,258.0,396.0,182.0,658.0,627.0,684.0
2138,,,123.0,168.0,158.0,69.0
2139,249.0,184.0,497.0,262.0,190.0,161.0
2140,27.0,39.0,73.0,82.0,18.0,166.0
2141,,137.0,53.0,66.0,128.0,24.0
2142,,54.0,36.0,105.0,53.0,73.0
2143,,,60.0,35.0,388.0,243.0
2144,22.0,41.0,210.0,202.0,577.0,432.0
2145,,,282.0,95.0,885.0,1392.0
2147,,790.0,505.0,477.0,1695.0,1452.0
2148,652.0,897.0,1151.0,1883.0,2653.0,2581.0
2149,549.0,140.0,141.0,326.0,469.0,371.0
2150,191.0,80.0,212.0,413.0,367.0,529.0
2151,,,19.0,,,21.0
2152,359.0,100.0,217.0,75.0,63.0,1223.0
2153,,42.0,377.0,238.0,83.0,170.0
2154,732.0,103.0,307.0,213.0,297.0,314.0
2155,961.0,144.0,451.0,472.0,266.0,555.0
2156,191.0,134.0,213.0,322.0,93.0,144.0
2157,45.0,18.0,140.0,98.0,70.0,25.0
2158,,66.0,239.0,446.0,609.0,669.0
2159,347.0,232.0,174.0,345.0,401.0,401.0
2160,,183.0,334.0,539.0,955.0,905.0
2161,,82.0,67.0,109.0,122.0,83.0
2162,1553.0,2067.0,1784.0,2231.0,2029.0,2019.0
2163,1380.0,1407.0,1476.0,1180.0,1580.0,1363.0
2164,637.0,617.0,573.0,885.0,820.0,987.0
2165,,,89.0,44.0,83.0,52.0
2166,259.0,130.0,266.0,910.0,892.0,1079.0
2167,95.0,136.0,250.0,194.0,210.0,291.0
2168,22.0,94.0,68.0,204.0,107.0,36.0
2169,212.0,77.0,,107.0,113.0,21.0
2170,,86.0,126.0,142.0,36.0,120.0
2171,,88.0,43.0,33.0,85.0,
2172,,197.0,76.0,282.0,190.0,122.0
2173,45.0,39.0,95.0,219.0,129.0,82.0
2174,,50.0,75.0,133.0,171.0,205.0
2175,191.0,63.0,193.0,133.0,258.0,164.0
2176,,106.0,100.0,259.0,432.0,665.0
2177,670.0,574.0,476.0,556.0,598.0,442.0
2178,68.0,683.0,506.0,545.0,601.0,744.0
2179,,132.0,97.0,71.0,15.0,307.0
2180,,,79.0,177.0,217.0,186.0
2181,205.0,19.0,339.0,188.0,184.0,118.0
2182,351.0,78.0,354.0,294.0,72.0,72.0
2183,,,90.0,142.0,143.0,1324.0
2184,,,55.0,53.0,45.0,32.0
2185,,163.0,142.0,112.0,97.0,2230.0
2186,,39.0,372.0,835.0,1637.0,2250.0
2187,,71.0,141.0,488.0,436.0,600.0
2188,219.0,446.0,547.0,365.0,578.0,506.0
2189,354.0,43.0,194.0,517.0,1220.0,1755.0
2190,608.0,863.0,816.0,1487.0,681.0,1252.0
2191,,18.0,89.0,92.0,136.0,64.0
2192,1853.0,1672.0,1783.0,2485.0,1809.0,2016.0
2193,564.0,1431.0,2033.0,2517.0,1952.0,2212.0
2194,472.0,1211.0,1509.0,1811.0,1690.0,2088.0
2195,,280.0,204.0,462.0,526.0,226.0
2196,23.0,151.0,205.0,183.0,145.0,241.0
2197,111.0,449.0,515.0,554.0,508.0,304.0
2501,5278.0,6781.0,2043.0,9489.0,10592.0,13262.0
2502,781.0,1036.0,1128.0,860.0,831.0,829.0
2503,651.0,1037.0,1190.0,1199.0,952.0,1006.0
2504,239.0,456.0,413.0,234.0,509.0,591.0
2505,6025.0,2071.0,7226.0,1456.0,1925.0,1872.0
2506,701.0,194.0,524.0,357.0,535.0,482.0
2507,2073.0,2071.0,2630.0,1878.0,2423.0,2557.0
2508,69.0,271.0,229.0,269.0,496.0,340.0
2509,1316.0,1550.0,1565.0,992.0,1480.0,1009.0
2510,437.0,682.0,1165.0,761.0,1070.0,591.0
2511,196.0,349.0,207.0,525.0,126.0,259.0
2512,2499.0,1514.0,1327.0,926.0,876.0,1252.0
2513,676.0,543.0,924.0,1316.0,1726.0,2235.0
2514,2190.0,5937.0,3564.0,3178.0,3607.0,4462.0
2515,3481.0,1921.0,2212.0,954.0,1020.0,1297.0
2516,8974.0,4510.0,4347.0,4170.0,5140.0,4439.0
2517,250.0,191.0,289.0,450.0,265.0,328.0
2518,1819.0,911.0,793.0,1015.0,742.0,883.0
2519,3631.0,4103.0,4159.0,3114.0,4986.0,5695.0
2520,6526.0,4832.0,4176.0,5770.0,4889.0,5382.0
2521,448.0,938.0,1324.0,2862.0,2640.0,2071.0
2522,2192.0,2127.0,1814.0,1663.0,1824.0,2017.0
2523,1060.0,1352.0,1356.0,1697.0,1614.0,2370.0
2524,1186.0,1177.0,1025.0,1644.0,1125.0,1095.0
2525,3637.0,3632.0,3131.0,2621.0,2432.0,3252.0
2526,5672.0,3528.0,2924.0,3317.0,4416.0,4918.0
2527,1520.0,1955.0,1923.0,1040.0,1644.0,1136.0
2528,2234.0,651.0,707.0,707.0,896.0,682.0
2529,1036.0,1049.0,1777.0,264.0,482.0,571.0
2530,1283.0,729.0,1391.0,1073.0,921.0,1134.0
2531,2398.0,1718.0,1703.0,1472.0,719.0,920.0
2532,13945.0,10237.0,7374.0,3922.0,2435.0,1539.0
2533,1858.0,1435.0,1374.0,1015.0,707.0,607.0
2534,445.0,712.0,734.0,827.0,620.0,454.0
2535,1229.0,1254.0,880.0,1099.0,951.0,917.0
2536,621.0,435.0,551.0,297.0,622.0,390.0
2537,344.0,432.0,664.0,661.0,607.0,559.0
2538,1833.0,1396.0,940.0,570.0,996.0,814.0
2539,9458.0,10960.0,10375.0,9720.0,7132.0,8963.0
2540,1858.0,2277.0,333.0,1172.0,1030.0,877.0
2541,327.0,354.0,665.0,408.0,365.0,478.0
2542,1608.0,501.0,381.0,572.0,418.0,199.0
2543,1614.0,570.0,675.0,645.0,634.0,498.0
2544,512.0,710.0,632.0,776.0,582.0,785.0
2545,217.0,460.0,423.0,521.0,325.0,154.0
2546,1037.0,610.0,528.0,479.0,387.0,362.0
2547,1225.0,1501.0,1447.0,1526.0,1162.0,978.0
2548,264.0,183.0,450.0,322.0,407.0,258.0
2549,26.0,127.0,109.0,138.0,176.0,
2550,24.0,101.0,301.0,231.0,170.0,82.0
2551,676.0,1319.0,1621.0,1400.0,1335.0,1047.0
2552,1253.0,1562.0,2052.0,1914.0,1952.0,1810.0
2553,7165.0,7478.0,6654.0,5836.0,6306.0,4543.0
2554,996.0,752.0,1114.0,530.0,528.0,521.0
2555,446.0,482.0,365.0,288.0,450.0,556.0
2556,49.0,596.0,461.0,446.0,370.0,116.0
2557,,19.0,73.0,84.0,127.0,41.0
2558,338.0,352.0,1153.0,277.0,637.0,627.0
2559,428.0,877.0,514.0,1052.0,1212.0,1323.0
2560,1324.0,1043.0,1897.0,1855.0,1624.0,1799.0
2561,278.0,1025.0,763.0,705.0,1034.0,633.0
2562,23.0,241.0,417.0,652.0,578.0,511.0
2563,69.0,271.0,195.0,329.0,235.0,361.0
2564,51.0,255.0,340.0,424.0,763.0,812.0
2565,724.0,1450.0,1047.0,949.0,1325.0,1318.0
2566,816.0,377.0,353.0,366.0,328.0,92.0
2567,590.0,886.0,583.0,1078.0,514.0,532.0
2568,113.0,412.0,204.0,194.0,204.0,361.0
2569,,143.0,224.0,306.0,174.0,198.0
2570,45.0,512.0,277.0,483.0,356.0,586.0
2571,214.0,332.0,885.0,225.0,551.0,1167.0
2572,1157.0,1042.0,306.0,1385.0,1577.0,2296.0
2573,295.0,312.0,229.0,311.0,373.0,236.0
2574,991.0,233.0,670.0,361.0,424.0,502.0
2575,2132.0,1332.0,899.0,1326.0,1084.0,1141.0
2576,396.0,457.0,468.0,425.0,678.0,898.0
2577,389.0,1479.0,1918.0,1784.0,1982.0,1542.0
2578,324.0,363.0,967.0,1013.0,1004.0,1295.0
2579,468.0,370.0,504.0,685.0,469.0,1020.0
2580,1212.0,756.0,1190.0,850.0,1048.0,734.0
2581,1111.0,1437.0,375.0,1077.0,1018.0,855.0
2582,392.0,804.0,1214.0,883.0,820.0,1183.0
2583,903.0,677.0,626.0,337.0,697.0,387.0
2584,691.0,465.0,594.0,474.0,174.0,314.0
2585,632.0,419.0,1080.0,705.0,1091.0,2082.0
2586,1980.0,3360.0,3261.0,3572.0,3603.0,2938.0
2587,163.0,465.0,898.0,932.0,802.0,195.0
2588,1678.0,2827.0,1809.0,3276.0,3538.0,3885.0
2589,2396.0,532.0,669.0,329.0,390.0,216.0
2590,693.0,568.0,512.0,632.0,505.0,625.0
2591,603.0,662.0,698.0,584.0,746.0,697.0
2592,68.0,222.0,277.0,272.0,286.0,278.0
2593,69.0,336.0,652.0,519.0,678.0,718.0
2594,191.0,222.0,1156.0,849.0,568.0,742.0
2595,113.0,305.0,552.0,240.0,78.0,96.0
2596,909.0,231.0,553.0,238.0,271.0,628.0
2597,904.0,598.0,327.0,386.0,336.0,54.0
2598,,592.0,343.0,450.0,417.0,575.0
2599,67.0,407.0,535.0,254.0,470.0,246.0
2600,273.0,583.0,347.0,420.0,333.0,525.0
2601,93.0,337.0,239.0,344.0,351.0,604.0
2602,338.0,217.0,427.0,572.0,782.0,879.0
2603,1006.0,643.0,674.0,795.0,1150.0,947.0
2604,279.0,195.0,255.0,375.0,340.0,502.0
2605,124.0,95.0,278.0,168.0,813.0,1471.0
2606,52.0,54.0,275.0,781.0,583.0,1196.0
2607,345.0,583.0,569.0,606.0,385.0,427.0
2608,661.0,348.0,625.0,715.0,351.0,786.0
2609,1244.0,1341.0,1391.0,1558.0,1189.0,967.0
2610,756.0,468.0,522.0,642.0,487.0,838.0
2611,1189.0,417.0,781.0,859.0,905.0,1010.0
2612,2205.0,1960.0,1658.0,1447.0,1891.0,1995.0
2613,600.0,341.0,833.0,495.0,591.0,208.0
2614,1275.0,1445.0,1023.0,1085.0,627.0,990.0
2615,262.0,215.0,241.0,294.0,878.0,1210.0
2616,,115.0,58.0,145.0,91.0,504.0
2617,1528.0,2019.0,2492.0,2152.0,2037.0,2113.0
2618,1126.0,1686.0,1204.0,1623.0,1603.0,1078.0
2619,949.0,2011.0,1517.0,1354.0,1220.0,1494.0
2620,389.0,755.0,917.0,443.0,496.0,446.0
2621,144.0,113.0,139.0,94.0,147.0,297.0
2622,255.0,899.0,1105.0,1805.0,3375.0,3683.0
2623,1329.0,1575.0,1290.0,1458.0,1551.0,1686.0
2624,563.0,507.0,428.0,588.0,695.0,529.0
2625,548.0,701.0,913.0,1024.0,962.0,1017.0
2626,83.0,20.0,87.0,21.0,170.0,232.0
2627,,75.0,82.0,172.0,61.0,26.0
2628,497.0,397.0,399.0,588.0,596.0,756.0
2629,466.0,655.0,328.0,525.0,516.0,447.0
2630,949.0,946.0,805.0,1381.0,1080.0,1095.0
2631,908.0,1577.0,2045.0,2212.0,1960.0,2292.0
2632,527.0,347.0,357.0,429.0,660.0,559.0
2633,837.0,1157.0,1809.0,1881.0,3155.0,3205.0
2634,314.0,600.0,576.0,819.0,766.0,1043.0
2635,,64.0,77.0,249.0,173.0,30.0
2636,887.0,515.0,556.0,883.0,781.0,869.0
2637,590.0,926.0,1004.0,769.0,1126.0,849.0
2638,23.0,567.0,239.0,686.0,684.0,1105.0
2639,53.0,80.0,152.0,150.0,378.0,312.0
2640,1204.0,210.0,472.0,1068.0,1064.0,1551.0
2641,930.0,182.0,347.0,207.0,544.0,546.0
2642,56.0,839.0,2018.0,2660.0,2502.0,2370.0
2643,,39.0,288.0,634.0,965.0,674.0
2644,84.0,174.0,193.0,297.0,852.0,892.0
2645,680.0,450.0,728.0,983.0,912.0,655.0
2646,72.0,57.0,96.0,173.0,197.0,192.0
2647,69.0,39.0,552.0,327.0,675.0,559.0
2648,,42.0,40.0,248.0,347.0,1397.0
2649,729.0,944.0,1007.0,1251.0,1335.0,1489.0
2650,181.0,79.0,40.0,115.0,171.0,99.0
2651,,58.0,133.0,114.0,167.0,48.0
2652,181.0,84.0,60.0,51.0,130.0,175.0
2653,330.0,39.0,120.0,107.0,101.0,58.0
2654,815.0,446.0,462.0,202.0,793.0,830.0
2655,,39.0,40.0,93.0,50.0,107.0
2656,50.0,85.0,60.0,245.0,93.0,117.0
2658,610.0,496.0,519.0,717.0,686.0,756.0
2659,24.0,19.0,56.0,51.0,78.0,64.0
2660,2292.0,3638.0,3297.0,3939.0,3691.0,3849.0
2661,3111.0,4725.0,4744.0,4818.0,5397.0,5169.0
2662,73.0,749.0,1443.0,1449.0,2577.0,3517.0
2663,264.0,72.0,156.0,162.0,224.0,217.0
2664,437.0,334.0,773.0,698.0,721.0,698.0
2665,234.0,248.0,271.0,308.0,539.0,691.0
2666,1213.0,293.0,164.0,210.0,326.0,297.0
2667,23.0,263.0,497.0,479.0,641.0,999.0
2668,92.0,64.0,244.0,232.0,135.0,169.0
2669,293.0,111.0,261.0,185.0,292.0,367.0
2670,2141.0,2829.0,2354.0,2797.0,2965.0,2756.0
